loan_id,user_id,contract_start_date,contract_end_date,loan_amount,interest_rate,payment_frequency,loan_term
1,6,2023-04-24,2024-01-26,27757.0,0.02,monthly,26
2,2,2023-05-14,2023-08-14,10996.0,0.08,monthly,12
3,7,2023-08-08,2023-09-19,26199.0,0.02,monthly,51
4,9,2023-07-24,2024-03-19,44504.0,0.04,monthly,35
5,3,2023-08-26,2024-05-18,21924.0,0.11,monthly,28
6,10,2023-05-03,2023-12-02,45186.0,0.04,monthly,19
7,10,2023-05-20,2023-06-06,33392.0,0.08,monthly,54
8,1,2023-02-05,2023-11-27,20946.0,0.07,monthly,37
9,5,2023-02-07,2023-08-28,10327.0,0.1,monthly,49
10,7,2023-05-02,2024-03-21,22141.0,0.18,monthly,53
11,8,2023-06-30,2023-11-26,49190.0,0.15,monthly,13
12,9,2023-03-21,2023-07-07,15313.0,0.14,monthly,52
13,1,2023-05-25,2024-01-31,46801.0,0.11,monthly,59
14,1,2023-08-24,2024-01-11,15863.0,0.04,monthly,67
15,2,2023-02-21,2023-09-20,7308.0,0.06,monthly,49
16,8,2023-02-11,2023-05-27,18411.0,0.02,monthly,30
17,6,2023-04-23,2024-03-02,24352.0,0.1,monthly,61
18,9,2023-02-21,2023-06-11,33948.0,0.02,monthly,50
19,7,2023-05-06,2023-11-28,48317.0,0.11,monthly,25
20,10,2023-05-04,2023-12-13,29158.0,0.15,monthly,61
21,4,2023-06-27,2023-04-02,17921.0,0.17,monthly,46
22,3,2023-04-12,2023-05-04,38288.0,0.1,monthly,34
23,2,2023-06-23,2023-09-11,44156.0,0.02,monthly,65
24,4,2023-02-05,2024-02-03,22583.0,0.16,monthly,18
25,2,2023-05-25,2023-08-04,42875.0,0.17,monthly,39
26,6,2023-04-12,2024-06-12,37605.0,0.11,monthly,72
27,2,2023-04-22,2024-02-26,20211.0,0.19,monthly,48
28,2,2023-02-07,2023-12-20,1299.0,0.16,monthly,20
29,10,2023-07-23,2023-07-12,14847.0,0.13,monthly,16
30,4,2023-02-09,2023-06-05,21354.0,0.07,monthly,32
31,8,2023-07-21,2024-01-09,37610.0,0.19,monthly,65
32,9,2023-03-23,2023-06-19,48184.0,0.18,monthly,19
33,8,2023-06-06,2024-03-30,11287.0,0.17,monthly,33
34,9,2023-05-01,2023-10-21,38936.0,0.13,monthly,12
35,8,2023-02-26,2023-05-12,31697.0,0.1,monthly,45
36,8,2023-02-18,2023-04-07,24780.0,0.08,monthly,64
37,2,2023-05-26,2023-08-26,16138.0,0.02,monthly,14
38,1,2023-06-01,2024-03-27,15919.0,0.14,monthly,61
39,3,2023-01-04,2023-10-03,40946.0,0.03,monthly,72
40,5,2023-07-12,2024-01-25,31473.0,0.08,monthly,67
41,8,2023-07-06,2023-08-06,10248.0,0.03,monthly,13
42,5,2023-01-30,2024-07-07,19640.0,0.04,monthly,59
43,8,2023-06-11,2023-04-12,47860.0,0.03,monthly,56
44,10,2023-02-03,2023-11-03,36465.0,0.02,monthly,31
45,1,2023-07-27,2024-03-06,33702.0,0.14,monthly,66
46,9,2023-03-10,2023-08-03,33225.0,0.03,monthly,42
47,4,2023-04-10,2023-07-09,1500.0,0.01,monthly,32
48,6,2023-01-11,2024-02-14,38040.0,0.07,monthly,48
49,3,2023-03-31,2023-08-23,43118.0,0.14,monthly,67
50,4,2023-07-26,2023-06-06,12126.0,0.08,monthly,71
51,4,2023-01-18,2024-01-01,40508.0,0.13,monthly,32
52,10,2023-03-10,2023-10-09,13695.0,0.2,monthly,59
53,1,2023-02-24,2023-11-30,31500.0,0.02,monthly,61
54,4,2023-07-05,2024-04-13,47108.0,0.01,monthly,71
55,4,2023-03-19,2023-12-10,37804.0,0.15,monthly,54
56,9,2023-02-28,2024-02-08,29496.0,0.12,monthly,12
57,4,2023-06-10,2023-09-26,29217.0,0.17,monthly,25
58,8,2023-01-29,2023-11-05,42735.0,0.18,monthly,47
59,2,2023-06-13,2023-10-19,1140.0,0.17,monthly,29
60,5,2023-02-18,2023-05-14,36499.0,0.11,monthly,58
61,3,2023-05-20,2023-11-24,40098.0,0.16,monthly,16
62,10,2023-01-26,2023-08-04,26181.0,0.1,monthly,45
63,2,2023-05-29,2023-09-21,49465.0,0.13,monthly,31
64,9,2023-07-16,2023-05-01,42514.0,0.04,monthly,18
65,10,2023-01-12,2023-06-17,48087.0,0.19,monthly,26
66,5,2023-05-18,2023-07-24,29719.0,0.14,monthly,12
67,1,2023-04-25,2023-10-20,17474.0,0.02,monthly,20
68,10,2023-06-28,2023-10-23,13950.0,0.19,monthly,17
69,9,2023-03-17,2024-01-19,32028.0,0.14,monthly,53
70,8,2023-04-04,2023-12-13,19244.0,0.19,monthly,64
71,3,2023-05-13,2023-06-27,18115.0,0.09,monthly,70
72,8,2023-03-30,2024-05-31,46897.0,0.19,monthly,13
73,7,2023-01-17,2023-07-27,30656.0,0.1,monthly,25
74,2,2023-02-09,2023-12-27,27591.0,0.17,monthly,42
75,10,2023-05-20,2023-09-22,31654.0,0.15,monthly,55
76,4,2023-06-12,2023-12-22,9542.0,0.16,monthly,13
77,10,2023-02-08,2023-06-15,32996.0,0.11,monthly,47
78,2,2023-06-08,2024-02-13,12960.0,0.16,monthly,17
79,9,2023-03-14,2024-06-23,40948.0,0.05,monthly,57
80,7,2023-06-27,2023-10-03,31253.0,0.19,monthly,49
81,9,2023-08-20,2024-01-03,34972.0,0.11,monthly,18
82,8,2023-03-28,2023-04-15,48156.0,0.11,monthly,72
83,6,2023-02-24,2024-02-25,38063.0,0.14,monthly,68
84,4,2023-02-03,2024-02-20,43075.0,0.11,monthly,16
85,10,2023-04-02,2023-09-13,12440.0,0.04,monthly,51
86,1,2023-01-26,2023-11-10,36099.0,0.1,monthly,47
87,9,2023-03-24,2023-12-16,38631.0,0.19,monthly,23
88,8,2023-05-29,2023-09-20,45493.0,0.05,monthly,60
89,7,2023-03-22,2023-10-25,46954.0,0.14,monthly,39
90,3,2023-02-16,2023-08-06,39805.0,0.1,monthly,25
91,5,2023-03-11,2024-03-27,19013.0,0.08,monthly,43
92,9,2023-06-16,2023-04-08,13211.0,0.13,monthly,32
93,6,2023-01-06,2024-06-07,11509.0,0.06,monthly,42
94,6,2023-07-27,2024-02-13,40191.0,0.11,monthly,32
95,3,2023-07-12,2024-01-16,49444.0,0.11,monthly,18
96,9,2023-01-13,2023-12-30,10717.0,0.09,monthly,51
97,7,2023-08-01,2024-05-25,28924.0,0.09,monthly,59
98,1,2023-08-03,2024-01-21,44930.0,0.09,monthly,42
99,10,2023-08-21,2023-11-16,39926.0,0.07,monthly,67
100,2,2023-03-03,2023-09-29,17922.0,0.03,monthly,38
101,7,2023-06-18,2023-06-02,33804.0,0.14,monthly,45
102,6,2023-03-28,2023-11-17,20578.0,0.11,monthly,45
103,5,2023-06-15,2023-12-14,20038.0,0.1,monthly,18
104,3,2023-02-22,2023-08-24,35078.0,0.09,monthly,16
105,7,2023-02-26,2023-10-23,4748.0,0.17,monthly,61
106,1,2023-04-21,2024-05-23,11566.0,0.11,monthly,55
107,3,2023-02-13,2024-03-01,29417.0,0.18,monthly,24
108,10,2023-06-21,2023-08-01,5833.0,0.19,monthly,12
109,3,2023-02-12,2023-08-16,23920.0,0.08,monthly,13
110,5,2023-06-16,2023-12-20,29472.0,0.2,monthly,52
111,5,2023-07-04,2024-02-02,43792.0,0.05,monthly,37
112,1,2023-05-30,2024-04-12,22829.0,0.04,monthly,12
113,7,2023-08-02,2023-07-24,9972.0,0.18,monthly,37
114,5,2023-01-26,2023-09-02,32105.0,0.01,monthly,19
115,2,2023-03-01,2023-10-09,25017.0,0.08,monthly,43
116,5,2023-06-13,2024-05-23,14980.0,0.17,monthly,58
117,6,2023-06-05,2023-11-09,2542.0,0.07,monthly,14
118,10,2023-02-10,2024-05-01,11560.0,0.09,monthly,28
119,3,2023-08-08,2023-11-13,23325.0,0.1,monthly,42
120,1,2023-02-23,2023-12-30,14885.0,0.04,monthly,39
121,5,2023-08-07,2023-12-31,44081.0,0.03,monthly,41
122,10,2023-05-03,2023-07-05,47732.0,0.06,monthly,72
123,6,2023-01-02,2023-10-26,27535.0,0.19,monthly,22
124,5,2023-04-03,2023-04-11,10793.0,0.09,monthly,37
125,7,2023-06-03,2023-09-30,48030.0,0.08,monthly,72
126,10,2023-08-15,2024-02-25,28491.0,0.05,monthly,61
127,8,2023-07-25,2024-01-07,36779.0,0.09,monthly,65
128,6,2023-05-15,2023-08-10,8128.0,0.1,monthly,72
129,5,2023-04-08,2024-06-22,1201.0,0.06,monthly,46
130,3,2023-05-29,2023-09-21,47003.0,0.07,monthly,28
131,3,2023-02-03,2023-04-18,25116.0,0.18,monthly,36
132,6,2023-05-17,2023-12-30,44900.0,0.04,monthly,47
133,10,2023-03-09,2024-02-20,19376.0,0.12,monthly,71
134,5,2023-03-17,2023-12-13,49632.0,0.07,monthly,52
135,5,2023-05-24,2023-07-20,49097.0,0.12,monthly,38
136,7,2023-06-08,2023-09-24,32830.0,0.01,monthly,47
137,9,2023-05-15,2023-04-07,28024.0,0.12,monthly,31
138,8,2023-07-06,2023-10-21,27411.0,0.17,monthly,37
139,3,2023-01-29,2023-06-07,31235.0,0.16,monthly,27
140,1,2023-07-30,2024-03-15,24491.0,0.04,monthly,65
141,1,2023-06-21,2023-03-20,3512.0,0.08,monthly,17
142,9,2023-05-25,2023-10-31,13611.0,0.17,monthly,66
143,3,2023-02-14,2023-09-11,17618.0,0.13,monthly,19
144,1,2023-02-23,2023-04-05,32162.0,0.16,monthly,28
145,10,2023-05-08,2024-01-09,7100.0,0.02,monthly,31
146,7,2023-01-23,2023-12-30,28288.0,0.18,monthly,22
147,1,2023-04-24,2023-11-16,37969.0,0.03,monthly,51
148,7,2023-02-16,2023-09-28,21958.0,0.06,monthly,23
149,1,2023-02-22,2023-10-26,29774.0,0.19,monthly,62
150,8,2023-02-05,2024-07-12,40057.0,0.18,monthly,42
151,3,2023-02-18,2023-06-01,41958.0,0.04,monthly,60
152,2,2023-07-19,2023-11-01,5528.0,0.14,monthly,39
153,5,2023-07-05,2023-10-29,7566.0,0.16,monthly,17
154,4,2023-08-17,2023-12-12,9893.0,0.18,monthly,59
155,6,2023-04-04,2024-04-06,16443.0,0.06,monthly,53
156,4,2023-05-11,2024-02-11,45985.0,0.05,monthly,65
157,1,2023-07-12,2024-06-13,33525.0,0.13,monthly,23
158,9,2023-02-05,2023-08-25,26009.0,0.07,monthly,27
159,8,2023-06-26,2024-03-12,10133.0,0.01,monthly,60
160,6,2023-07-01,2024-01-04,11649.0,0.05,monthly,69
161,3,2023-08-04,2023-10-23,12605.0,0.03,monthly,59
162,2,2023-06-03,2024-01-15,27901.0,0.05,monthly,13
163,3,2023-03-13,2023-11-26,49968.0,0.11,monthly,63
164,2,2023-01-24,2023-11-22,8751.0,0.06,monthly,35
165,2,2023-02-24,2024-01-23,6974.0,0.08,monthly,51
166,7,2023-07-05,2023-10-27,48676.0,0.14,monthly,31
167,3,2023-06-21,2023-06-08,17248.0,0.19,monthly,30
168,3,2023-04-28,2023-09-20,41436.0,0.07,monthly,18
169,10,2023-04-13,2023-11-18,2420.0,0.18,monthly,63
170,3,2023-02-04,2024-02-08,14747.0,0.09,monthly,41
171,5,2023-04-09,2023-09-23,6854.0,0.04,monthly,67
172,5,2023-01-25,2024-03-23,46245.0,0.14,monthly,55
173,4,2023-04-20,2023-10-27,28191.0,0.15,monthly,36
174,7,2023-04-24,2023-05-12,22096.0,0.04,monthly,69
175,10,2023-05-27,2024-01-28,22384.0,0.12,monthly,32
176,3,2023-04-16,2023-07-26,46212.0,0.14,monthly,39
177,7,2023-06-03,2024-02-23,48231.0,0.19,monthly,19
178,5,2023-02-20,2024-01-11,20541.0,0.16,monthly,29
179,5,2023-05-11,2023-10-02,44601.0,0.1,monthly,51
180,4,2023-04-08,2023-06-12,13473.0,0.11,monthly,24
181,10,2023-07-01,2024-03-31,3981.0,0.17,monthly,72
182,9,2023-05-19,2024-03-05,13909.0,0.16,monthly,57
183,1,2023-01-10,2024-03-31,9677.0,0.11,monthly,36
184,2,2023-01-21,2023-12-08,35722.0,0.16,monthly,68
185,1,2023-01-19,2023-11-04,44138.0,0.07,monthly,65
186,5,2023-08-21,2023-10-16,38410.0,0.15,monthly,68
187,8,2023-02-25,2024-05-12,44746.0,0.15,monthly,71
188,2,2023-01-08,2024-03-16,15324.0,0.02,monthly,47
189,9,2023-03-17,2023-09-19,38891.0,0.04,monthly,19
190,6,2023-07-16,2024-04-20,1967.0,0.09,monthly,41
191,10,2023-08-01,2023-12-24,41258.0,0.09,monthly,25
192,2,2023-04-23,2023-05-17,37152.0,0.11,monthly,58
193,6,2023-06-28,2023-07-31,34219.0,0.12,monthly,21
194,10,2023-05-28,2023-07-02,28487.0,0.11,monthly,53
195,6,2023-07-22,2024-01-05,3578.0,0.18,monthly,30
196,1,2023-04-29,2023-08-08,37104.0,0.17,monthly,26
197,9,2023-05-15,2023-06-25,22186.0,0.06,monthly,71
198,8,2023-02-15,2023-10-08,34738.0,0.07,monthly,40
199,10,2023-06-06,2024-02-28,39285.0,0.09,monthly,71
200,2,2023-05-07,2024-07-11,48602.0,0.03,monthly,64
201,3,2023-03-28,2023-11-02,43146.0,0.15,monthly,23
202,7,2023-06-15,2024-05-25,15856.0,0.08,monthly,43
203,8,2023-06-19,2024-05-03,10825.0,0.18,monthly,28
204,9,2023-08-09,2023-04-03,49965.0,0.18,monthly,42
205,4,2023-08-09,2023-07-02,6348.0,0.05,monthly,25
206,10,2023-05-03,2024-01-15,10230.0,0.06,monthly,21
207,9,2023-05-26,2024-02-24,40615.0,0.04,monthly,13
208,8,2023-02-11,2023-10-09,40911.0,0.1,monthly,72
209,2,2023-03-01,2024-02-18,26084.0,0.19,monthly,52
210,6,2023-03-04,2023-12-25,11119.0,0.13,monthly,64
211,3,2023-04-23,2024-04-14,35629.0,0.13,monthly,37
212,9,2023-04-24,2024-03-25,7922.0,0.03,monthly,27
213,6,2023-06-04,2023-09-07,8725.0,0.02,monthly,16
214,9,2023-01-03,2023-04-13,21051.0,0.07,monthly,61
215,7,2023-01-22,2023-11-23,1878.0,0.1,monthly,70
216,9,2023-08-19,2023-11-09,14434.0,0.19,monthly,36
217,8,2023-06-06,2024-02-13,9913.0,0.17,monthly,51
218,10,2023-07-28,2023-06-21,30856.0,0.16,monthly,59
219,9,2023-05-20,2023-10-30,23486.0,0.17,monthly,70
220,2,2023-07-05,2024-01-26,34053.0,0.06,monthly,16
221,4,2023-06-11,2023-11-24,22211.0,0.05,monthly,32
222,3,2023-08-10,2023-06-11,15575.0,0.19,monthly,35
223,9,2023-02-28,2024-03-30,41338.0,0.12,monthly,57
224,1,2023-02-24,2023-12-25,27027.0,0.1,monthly,21
225,5,2023-07-23,2024-03-20,13411.0,0.1,monthly,15
226,1,2023-05-25,2023-12-25,47483.0,0.12,monthly,33
227,1,2023-04-24,2023-12-05,21184.0,0.13,monthly,48
228,10,2023-02-27,2024-01-06,21249.0,0.14,monthly,50
229,8,2023-07-25,2024-04-25,21836.0,0.02,monthly,35
230,4,2023-03-03,2024-03-11,21004.0,0.14,monthly,13
231,1,2023-08-18,2024-04-21,24505.0,0.17,monthly,35
232,4,2023-06-29,2023-08-11,13998.0,0.03,monthly,25
233,8,2023-02-13,2023-11-16,37852.0,0.14,monthly,44
234,9,2023-01-25,2024-01-15,27688.0,0.02,monthly,60
235,1,2023-07-08,2023-08-08,29112.0,0.16,monthly,57
236,7,2023-05-05,2024-07-17,23972.0,0.18,monthly,34
237,10,2023-06-11,2024-01-14,7351.0,0.09,monthly,12
238,10,2023-02-11,2023-05-09,46499.0,0.17,monthly,58
239,9,2023-02-25,2023-09-16,16731.0,0.13,monthly,67
240,9,2023-01-24,2023-08-18,11078.0,0.16,monthly,36
241,10,2023-05-28,2023-10-13,23299.0,0.16,monthly,56
242,8,2023-01-03,2024-02-03,35172.0,0.19,monthly,59
243,5,2023-08-20,2024-04-06,30782.0,0.08,monthly,62
244,9,2023-07-10,2023-09-05,18396.0,0.14,monthly,61
245,8,2023-05-22,2023-07-22,26705.0,0.06,monthly,33
246,8,2023-01-05,2024-04-30,42091.0,0.14,monthly,72
247,8,2023-07-18,2024-06-25,11419.0,0.05,monthly,72
248,4,2023-05-16,2023-06-09,30049.0,0.02,monthly,33
249,1,2023-03-13,2023-05-07,30718.0,0.17,monthly,53
250,1,2023-02-25,2024-07-15,13824.0,0.06,monthly,32
251,7,2023-08-09,2023-04-19,41938.0,0.14,monthly,22
252,1,2023-08-13,2023-10-11,5946.0,0.07,monthly,18
253,4,2023-01-22,2023-09-08,41086.0,0.03,monthly,34
254,9,2023-01-19,2023-11-22,40734.0,0.03,monthly,57
255,7,2023-01-29,2023-11-18,48687.0,0.18,monthly,72
256,8,2023-03-23,2024-02-06,27404.0,0.19,monthly,69
257,2,2023-05-31,2023-12-18,27120.0,0.16,monthly,59
258,8,2023-01-28,2024-04-08,23065.0,0.16,monthly,72
259,1,2023-05-31,2024-03-23,43988.0,0.16,monthly,41
260,2,2023-08-13,2024-02-10,6316.0,0.02,monthly,38
261,3,2023-03-28,2024-01-12,36153.0,0.16,monthly,16
262,4,2023-06-17,2024-01-27,38389.0,0.13,monthly,66
263,6,2023-08-07,2023-06-30,34739.0,0.06,monthly,29
264,9,2023-04-09,2024-01-28,42539.0,0.16,monthly,26
265,1,2023-02-01,2024-03-05,10608.0,0.2,monthly,29
266,2,2023-03-09,2023-09-30,14416.0,0.13,monthly,18
267,6,2023-08-23,2023-03-24,4610.0,0.14,monthly,37
268,4,2023-08-03,2024-02-13,10177.0,0.17,monthly,26
269,4,2023-07-23,2023-09-27,1009.0,0.05,monthly,49
270,10,2023-08-18,2023-03-28,21289.0,0.1,monthly,67
271,8,2023-07-12,2023-10-18,4136.0,0.03,monthly,43
272,8,2023-08-04,2023-06-05,32649.0,0.03,monthly,48
273,4,2023-04-06,2023-06-08,13084.0,0.07,monthly,18
274,1,2023-08-07,2024-01-05,45448.0,0.07,monthly,45
275,9,2023-05-01,2023-06-22,35279.0,0.14,monthly,34
276,3,2023-08-01,2023-12-27,29809.0,0.08,monthly,65
277,1,2023-06-16,2023-10-20,34036.0,0.04,monthly,47
278,1,2023-05-04,2023-08-03,15786.0,0.01,monthly,39
279,2,2023-03-09,2023-07-31,1429.0,0.05,monthly,56
280,1,2023-05-02,2024-01-29,6307.0,0.16,monthly,21
281,4,2023-03-09,2023-11-06,21661.0,0.13,monthly,23
282,6,2023-06-27,2024-01-19,1808.0,0.05,monthly,23
283,5,2023-04-09,2024-02-23,36430.0,0.07,monthly,52
284,4,2023-04-14,2023-12-07,33958.0,0.16,monthly,12
285,6,2023-04-08,2023-09-25,9762.0,0.02,monthly,13
286,4,2023-05-13,2023-12-07,15600.0,0.14,monthly,26
287,9,2023-07-12,2024-05-15,22621.0,0.15,monthly,30
288,6,2023-07-06,2023-12-23,32731.0,0.04,monthly,69
289,5,2023-04-20,2024-02-23,38970.0,0.08,monthly,56
290,8,2023-07-29,2023-06-19,12392.0,0.2,monthly,17
291,2,2023-04-26,2023-08-14,45836.0,0.09,monthly,62
292,10,2023-07-29,2023-12-08,22885.0,0.03,monthly,66
293,2,2023-08-06,2024-02-07,27627.0,0.07,monthly,55
294,4,2023-06-06,2023-12-07,41185.0,0.08,monthly,13
295,1,2023-04-23,2024-01-04,28411.0,0.2,monthly,57
296,8,2023-01-05,2023-08-03,36700.0,0.08,monthly,27
297,7,2023-02-22,2023-09-10,32115.0,0.16,monthly,24
298,7,2023-07-13,2023-06-24,48780.0,0.15,monthly,36
299,8,2023-02-15,2024-07-03,19295.0,0.17,monthly,39
300,8,2023-07-06,2023-10-25,14461.0,0.18,monthly,12
301,2,2023-07-11,2023-08-29,47698.0,0.14,monthly,69
302,4,2023-03-11,2024-03-05,45341.0,0.07,monthly,67
303,1,2023-02-08,2023-03-02,42852.0,0.07,monthly,38
304,2,2023-01-03,2024-04-18,15588.0,0.08,monthly,57
305,8,2023-01-24,2023-09-30,10527.0,0.14,monthly,57
306,9,2023-07-13,2024-01-02,46121.0,0.15,monthly,18
307,3,2023-02-12,2023-05-02,31081.0,0.16,monthly,29
308,5,2023-04-01,2024-02-09,4992.0,0.08,monthly,12
309,1,2023-08-02,2023-09-07,40437.0,0.01,monthly,14
310,1,2023-03-17,2023-11-02,36654.0,0.02,monthly,69
311,9,2023-03-15,2024-02-15,6324.0,0.08,monthly,61
312,9,2023-04-19,2023-12-31,28740.0,0.02,monthly,64
313,9,2023-04-19,2023-09-20,39844.0,0.16,monthly,32
314,7,2023-08-26,2023-10-15,39665.0,0.08,monthly,44
315,2,2023-01-30,2024-01-01,15831.0,0.09,monthly,22
316,3,2023-02-07,2023-11-01,36012.0,0.16,monthly,31
317,8,2023-08-22,2024-02-29,20466.0,0.06,monthly,24
318,9,2023-02-02,2023-09-20,23717.0,0.18,monthly,30
319,1,2023-01-21,2024-07-13,31782.0,0.11,monthly,33
320,3,2023-05-25,2024-02-29,21847.0,0.09,monthly,25
321,4,2023-05-03,2023-09-13,21379.0,0.18,monthly,34
322,9,2023-06-08,2023-04-15,19815.0,0.11,monthly,65
323,9,2023-05-22,2023-11-08,17263.0,0.19,monthly,61
324,9,2023-05-18,2024-06-19,42394.0,0.15,monthly,49
325,2,2023-01-29,2024-03-19,6533.0,0.11,monthly,63
326,2,2023-08-09,2023-05-21,16530.0,0.02,monthly,26
327,6,2023-04-13,2023-12-23,6136.0,0.03,monthly,28
328,10,2023-07-26,2024-02-06,5654.0,0.08,monthly,13
329,2,2023-02-01,2023-10-27,10238.0,0.04,monthly,44
330,8,2023-03-28,2023-11-12,10826.0,0.04,monthly,52
331,4,2023-03-13,2023-09-19,27796.0,0.19,monthly,64
332,3,2023-06-17,2024-03-06,48924.0,0.12,monthly,48
333,7,2023-04-04,2023-06-14,12514.0,0.16,monthly,44
334,5,2023-06-27,2023-11-13,22653.0,0.19,monthly,32
335,9,2023-02-04,2023-07-23,4142.0,0.1,monthly,41
336,5,2023-06-26,2023-05-09,3660.0,0.1,monthly,48
337,10,2023-05-10,2023-11-01,49707.0,0.03,monthly,47
338,2,2023-03-19,2023-07-05,12731.0,0.11,monthly,18
339,6,2023-05-19,2024-03-23,10190.0,0.18,monthly,71
340,10,2023-04-29,2023-11-28,4105.0,0.03,monthly,25
341,3,2023-08-26,2023-03-30,24714.0,0.03,monthly,37
342,4,2023-02-05,2024-03-01,4203.0,0.05,monthly,36
343,7,2023-02-07,2023-07-16,21628.0,0.13,monthly,13
344,10,2023-02-18,2023-09-05,32348.0,0.15,monthly,30
345,2,2023-01-21,2023-08-23,48604.0,0.05,monthly,64
346,2,2023-05-24,2023-12-26,32672.0,0.14,monthly,65
347,7,2023-05-01,2023-12-27,9973.0,0.1,monthly,63
348,8,2023-05-07,2023-04-04,18014.0,0.06,monthly,53
349,5,2023-07-28,2023-03-31,23824.0,0.06,monthly,29
350,10,2023-02-19,2024-02-12,25945.0,0.17,monthly,27
351,10,2023-01-02,2023-12-28,19604.0,0.09,monthly,12
352,6,2023-03-30,2023-12-02,39351.0,0.04,monthly,54
353,1,2023-04-11,2024-03-18,47409.0,0.06,monthly,18
354,2,2023-02-27,2023-09-29,12664.0,0.15,monthly,37
355,9,2023-05-02,2023-04-21,28089.0,0.02,monthly,64
356,8,2023-06-25,2024-01-28,18226.0,0.09,monthly,22
357,7,2023-08-05,2023-04-27,6576.0,0.2,monthly,53
358,7,2023-06-14,2024-01-05,14436.0,0.01,monthly,65
359,9,2023-07-05,2024-04-07,49704.0,0.19,monthly,19
360,10,2023-06-11,2023-08-13,33635.0,0.11,monthly,36
361,9,2023-04-17,2023-04-15,2993.0,0.1,monthly,19
362,4,2023-07-05,2023-06-22,3492.0,0.06,monthly,60
363,3,2023-07-21,2024-04-20,4200.0,0.12,monthly,30
364,3,2023-05-19,2023-09-08,47968.0,0.11,monthly,64
365,2,2023-02-24,2023-12-08,33017.0,0.16,monthly,65
366,2,2023-08-02,2023-11-01,12136.0,0.1,monthly,63
367,4,2023-05-28,2024-01-07,27269.0,0.05,monthly,21
368,8,2023-03-26,2023-12-29,36307.0,0.07,monthly,56
369,3,2023-02-05,2023-03-29,44149.0,0.11,monthly,68
370,10,2023-05-31,2023-08-19,45227.0,0.07,monthly,52
371,1,2023-03-26,2023-11-12,27700.0,0.08,monthly,66
372,8,2023-08-09,2024-01-13,28397.0,0.14,monthly,45
373,2,2023-01-26,2023-12-05,17988.0,0.2,monthly,38
374,5,2023-08-05,2024-03-06,33427.0,0.14,monthly,51
375,3,2023-05-19,2023-05-27,41778.0,0.06,monthly,13
376,4,2023-02-07,2023-11-09,43136.0,0.08,monthly,32
377,9,2023-08-26,2023-12-13,26339.0,0.05,monthly,41
378,6,2023-03-11,2024-01-06,12997.0,0.06,monthly,44
379,1,2023-03-01,2024-07-08,30424.0,0.08,monthly,56
380,10,2023-08-17,2023-10-01,17589.0,0.07,monthly,42
381,10,2023-07-26,2024-06-06,1341.0,0.03,monthly,32
382,1,2023-07-29,2023-07-02,36147.0,0.11,monthly,61
383,2,2023-08-05,2023-06-09,33334.0,0.17,monthly,33
384,1,2023-02-03,2024-01-26,13216.0,0.08,monthly,25
385,10,2023-05-30,2023-12-29,8205.0,0.08,monthly,56
386,7,2023-05-02,2023-04-04,45595.0,0.07,monthly,12
387,8,2023-03-20,2023-12-04,32140.0,0.02,monthly,56
388,10,2023-02-24,2023-07-11,41559.0,0.09,monthly,66
389,1,2023-04-19,2023-06-20,6257.0,0.11,monthly,32
390,1,2023-05-23,2023-10-31,49696.0,0.09,monthly,40
391,9,2023-07-29,2023-10-28,22017.0,0.02,monthly,16
392,2,2023-07-06,2023-12-18,18280.0,0.03,monthly,45
393,2,2023-08-13,2024-01-18,47038.0,0.19,monthly,43
394,9,2023-03-30,2024-05-17,19777.0,0.05,monthly,31
395,10,2023-03-19,2023-12-30,22483.0,0.11,monthly,15
396,2,2023-05-05,2023-05-26,27515.0,0.04,monthly,48
397,10,2023-06-22,2023-12-01,41539.0,0.17,monthly,13
398,6,2023-01-07,2023-05-27,34279.0,0.19,monthly,22
399,7,2023-05-17,2023-11-26,11056.0,0.09,monthly,37
400,4,2023-01-09,2023-11-12,29117.0,0.19,monthly,48
401,8,2023-07-25,2023-12-15,8751.0,0.02,monthly,21
402,4,2023-07-12,2024-03-31,28940.0,0.07,monthly,43
403,6,2023-06-05,2024-03-21,16080.0,0.02,monthly,27
404,10,2023-02-16,2024-01-10,25585.0,0.15,monthly,64
405,2,2023-02-06,2024-06-04,42412.0,0.15,monthly,47
406,1,2023-02-11,2023-05-24,17551.0,0.05,monthly,53
407,9,2023-03-06,2023-09-30,49857.0,0.16,monthly,36
408,2,2023-01-15,2023-12-10,24602.0,0.09,monthly,40
409,6,2023-07-09,2023-11-06,38442.0,0.1,monthly,39
410,10,2023-01-06,2023-06-20,8951.0,0.05,monthly,59
411,4,2023-04-15,2023-03-18,25821.0,0.14,monthly,28
412,2,2023-08-10,2023-06-03,47962.0,0.16,monthly,32
413,5,2023-04-28,2024-05-05,10898.0,0.02,monthly,24
414,6,2023-07-01,2023-12-01,2961.0,0.12,monthly,45
415,3,2023-08-08,2023-12-12,31897.0,0.09,monthly,42
416,1,2023-07-14,2023-05-21,13147.0,0.16,monthly,56
417,3,2023-01-14,2023-08-22,23698.0,0.17,monthly,65
418,7,2023-08-19,2023-11-30,37958.0,0.13,monthly,15
419,5,2023-08-22,2023-11-27,28883.0,0.18,monthly,22
420,2,2023-03-15,2023-09-01,13104.0,0.07,monthly,40
421,7,2023-04-16,2023-09-20,15073.0,0.12,monthly,13
422,10,2023-07-17,2023-11-28,45774.0,0.07,monthly,41
423,2,2023-07-22,2023-12-27,43771.0,0.03,monthly,50
424,10,2023-01-16,2023-04-26,20581.0,0.05,monthly,31
425,1,2023-05-14,2023-12-30,24855.0,0.09,monthly,49
426,4,2023-04-19,2023-08-01,25534.0,0.06,monthly,31
427,7,2023-01-24,2024-05-13,43720.0,0.2,monthly,34
428,4,2023-02-26,2023-07-19,47707.0,0.1,monthly,56
429,9,2023-08-25,2023-09-07,4714.0,0.15,monthly,53
430,3,2023-06-02,2023-07-28,10891.0,0.17,monthly,47
431,9,2023-05-06,2024-02-16,27099.0,0.16,monthly,19
432,2,2023-08-11,2023-06-18,27217.0,0.04,monthly,53
433,1,2023-04-04,2024-04-07,32033.0,0.14,monthly,56
434,8,2023-08-11,2023-06-29,19170.0,0.13,monthly,61
435,5,2023-04-18,2023-05-26,11007.0,0.13,monthly,26
436,9,2023-08-23,2023-07-05,1941.0,0.12,monthly,17
437,1,2023-04-16,2023-04-29,23320.0,0.05,monthly,12
438,8,2023-07-25,2023-07-02,28402.0,0.15,monthly,35
439,1,2023-05-08,2023-08-17,44793.0,0.02,monthly,56
440,9,2023-04-06,2023-07-08,5331.0,0.13,monthly,38
441,2,2023-07-14,2023-08-27,16493.0,0.09,monthly,53
442,8,2023-08-13,2024-04-12,32664.0,0.13,monthly,31
443,6,2023-07-19,2023-05-05,16673.0,0.17,monthly,42
444,10,2023-01-10,2023-08-16,11390.0,0.15,monthly,43
445,5,2023-06-20,2023-07-14,24663.0,0.15,monthly,62
446,2,2023-06-24,2023-09-09,31351.0,0.05,monthly,59
447,7,2023-07-23,2024-04-09,32815.0,0.07,monthly,40
448,4,2023-07-13,2024-05-19,48942.0,0.07,monthly,70
449,7,2023-01-05,2023-06-23,11806.0,0.09,monthly,23
450,6,2023-06-07,2023-07-20,48805.0,0.06,monthly,25
451,2,2023-07-10,2023-11-08,44507.0,0.12,monthly,60
452,2,2023-04-05,2023-06-11,32571.0,0.08,monthly,70
453,6,2023-06-09,2024-01-29,2171.0,0.18,monthly,31
454,1,2023-07-12,2023-09-24,25592.0,0.16,monthly,69
455,4,2023-03-13,2023-12-24,40811.0,0.17,monthly,37
456,3,2023-05-31,2023-10-16,24741.0,0.1,monthly,55
457,5,2023-05-20,2023-11-18,5007.0,0.19,monthly,51
458,8,2023-05-25,2024-01-13,41609.0,0.04,monthly,63
459,1,2023-08-22,2023-11-22,41099.0,0.17,monthly,15
460,5,2023-01-20,2023-10-09,39508.0,0.11,monthly,22
461,10,2023-05-03,2023-10-04,6175.0,0.2,monthly,35
462,8,2023-03-14,2023-12-18,1247.0,0.2,monthly,56
463,6,2023-02-07,2023-08-16,35007.0,0.2,monthly,46
464,8,2023-01-08,2023-05-15,10605.0,0.14,monthly,54
465,9,2023-06-19,2024-01-06,42398.0,0.16,monthly,20
466,6,2023-06-14,2023-05-01,5805.0,0.03,monthly,18
467,1,2023-04-03,2023-10-23,9024.0,0.1,monthly,58
468,2,2023-03-29,2024-05-23,46175.0,0.1,monthly,47
469,8,2023-08-18,2023-10-18,2580.0,0.16,monthly,67
470,8,2023-07-03,2024-03-19,39680.0,0.15,monthly,17
471,4,2023-04-12,2024-04-08,22276.0,0.11,monthly,45
472,3,2023-06-30,2024-08-04,14769.0,0.09,monthly,40
473,4,2023-08-04,2023-10-22,7970.0,0.06,monthly,68
474,5,2023-07-05,2023-07-13,5262.0,0.13,monthly,54
475,1,2023-01-13,2024-04-22,32464.0,0.04,monthly,55
476,9,2023-06-29,2023-06-22,46625.0,0.07,monthly,13
477,10,2023-06-04,2023-12-28,40762.0,0.01,monthly,40
478,5,2023-05-26,2023-10-15,44955.0,0.02,monthly,12
479,4,2023-07-15,2024-04-16,30712.0,0.19,monthly,21
480,7,2023-05-04,2023-05-11,7789.0,0.18,monthly,54
481,9,2023-06-23,2023-06-10,44592.0,0.11,monthly,12
482,9,2023-07-24,2023-05-21,32647.0,0.02,monthly,27
483,1,2023-02-09,2023-10-17,14163.0,0.03,monthly,54
484,5,2023-04-26,2024-02-25,6917.0,0.19,monthly,12
485,10,2023-07-25,2024-01-14,26995.0,0.17,monthly,23
486,3,2023-06-07,2024-05-11,8930.0,0.09,monthly,56
487,4,2023-01-01,2023-08-21,6427.0,0.01,monthly,39
488,8,2023-02-11,2023-09-24,44464.0,0.02,monthly,18
489,1,2023-04-09,2023-03-11,20323.0,0.01,monthly,17
490,3,2023-07-29,2023-12-24,10590.0,0.19,monthly,13
491,4,2023-03-14,2023-05-13,11352.0,0.13,monthly,37
492,4,2023-03-15,2024-07-06,22463.0,0.04,monthly,18
493,5,2023-01-29,2024-01-29,46291.0,0.2,monthly,45
494,9,2023-01-27,2024-01-24,41184.0,0.19,monthly,15
495,3,2023-04-25,2023-04-09,12461.0,0.15,monthly,24
496,6,2023-07-29,2023-08-12,2864.0,0.07,monthly,62
497,9,2023-05-13,2023-09-15,2052.0,0.2,monthly,14
498,4,2023-02-17,2024-02-18,11730.0,0.13,monthly,18
499,3,2023-04-06,2023-07-09,20308.0,0.01,monthly,17
500,3,2023-08-11,2023-10-31,46470.0,0.19,monthly,17
501,7,2023-06-04,2023-11-05,11107.0,0.02,monthly,63
502,9,2023-02-07,2024-03-25,44070.0,0.19,monthly,22
503,1,2023-05-20,2023-09-11,6998.0,0.02,monthly,20
504,8,2023-04-30,2024-02-01,31286.0,0.2,monthly,53
505,8,2023-06-03,2024-06-20,8628.0,0.08,monthly,28
506,4,2023-05-15,2024-04-19,31882.0,0.01,monthly,55
507,5,2023-01-01,2024-01-11,15242.0,0.16,monthly,50
508,6,2023-02-17,2023-10-15,28397.0,0.1,monthly,72
509,9,2023-08-26,2024-07-22,16166.0,0.14,monthly,45
510,10,2023-05-19,2024-02-13,41212.0,0.03,monthly,40
511,1,2023-05-16,2024-02-09,29969.0,0.1,monthly,51
512,9,2023-06-09,2023-06-18,9271.0,0.1,monthly,63
513,9,2023-05-13,2024-04-13,34045.0,0.16,monthly,36
514,8,2023-02-18,2023-09-01,19390.0,0.05,monthly,13
515,6,2023-03-14,2024-01-09,7517.0,0.17,monthly,46
516,9,2023-08-24,2024-04-04,16643.0,0.09,monthly,72
517,5,2023-03-31,2023-09-23,10132.0,0.1,monthly,33
518,5,2023-04-14,2023-11-21,30032.0,0.19,monthly,57
519,6,2023-01-23,2024-02-24,37436.0,0.2,monthly,36
520,3,2023-03-23,2024-01-25,31007.0,0.13,monthly,21
521,1,2023-02-25,2023-11-24,15412.0,0.05,monthly,32
522,10,2023-07-02,2023-05-24,32963.0,0.19,monthly,23
523,9,2023-02-04,2024-07-06,17899.0,0.11,monthly,52
524,8,2023-04-07,2023-10-22,29486.0,0.03,monthly,19
525,5,2023-01-21,2023-11-21,26335.0,0.1,monthly,60
526,4,2023-04-19,2023-12-01,32716.0,0.16,monthly,35
527,3,2023-06-06,2023-06-25,24613.0,0.11,monthly,44
528,9,2023-07-11,2023-08-03,48788.0,0.14,monthly,33
529,2,2023-08-16,2023-08-20,38125.0,0.11,monthly,27
530,2,2023-02-01,2023-04-27,9185.0,0.01,monthly,68
531,2,2023-01-27,2023-05-19,49504.0,0.06,monthly,25
532,6,2023-06-11,2023-07-31,35683.0,0.15,monthly,15
533,4,2023-08-26,2023-06-25,25917.0,0.07,monthly,58
534,2,2023-07-27,2023-12-31,30293.0,0.15,monthly,50
535,10,2023-03-22,2024-05-15,33760.0,0.08,monthly,49
536,2,2023-06-13,2023-06-03,40341.0,0.09,monthly,37
537,1,2023-08-03,2023-10-26,20951.0,0.16,monthly,12
538,6,2023-01-03,2023-09-05,44103.0,0.02,monthly,37
539,5,2023-08-24,2023-10-30,47601.0,0.12,monthly,30
540,5,2023-06-18,2024-01-21,17813.0,0.16,monthly,19
541,3,2023-02-21,2023-12-08,42541.0,0.11,monthly,43
542,6,2023-03-07,2023-12-13,16982.0,0.16,monthly,20
543,7,2023-06-18,2024-03-05,32318.0,0.1,monthly,47
544,2,2023-03-21,2024-05-05,7111.0,0.18,monthly,52
545,9,2023-07-20,2023-09-03,21033.0,0.18,monthly,51
546,4,2023-02-20,2023-04-15,18602.0,0.18,monthly,56
547,7,2023-04-24,2023-07-21,40308.0,0.12,monthly,23
548,4,2023-07-18,2023-11-13,26677.0,0.09,monthly,65
549,8,2023-05-18,2023-09-01,14657.0,0.08,monthly,43
550,9,2023-05-30,2024-01-25,1606.0,0.05,monthly,56
551,9,2023-05-10,2024-05-16,30078.0,0.18,monthly,58
552,10,2023-01-04,2023-10-31,4800.0,0.19,monthly,42
553,2,2023-03-07,2023-10-31,2290.0,0.12,monthly,51
554,3,2023-04-12,2023-12-11,29430.0,0.17,monthly,19
555,9,2023-05-11,2023-09-03,39817.0,0.08,monthly,17
556,1,2023-07-07,2024-05-13,22235.0,0.06,monthly,67
557,6,2023-07-03,2023-08-03,7676.0,0.19,monthly,60
558,4,2023-07-09,2023-06-09,18542.0,0.08,monthly,46
559,4,2023-01-03,2024-01-06,5036.0,0.02,monthly,69
560,3,2023-07-18,2023-11-19,1183.0,0.05,monthly,70
561,5,2023-08-26,2023-07-18,19026.0,0.05,monthly,17
562,5,2023-03-24,2024-03-18,13995.0,0.11,monthly,44
563,10,2023-08-10,2023-06-22,29646.0,0.14,monthly,37
564,6,2023-03-15,2024-04-20,32477.0,0.04,monthly,51
565,5,2023-08-13,2023-12-17,37216.0,0.15,monthly,43
566,4,2023-03-15,2024-04-01,38902.0,0.17,monthly,47
567,3,2023-01-12,2023-11-15,38060.0,0.09,monthly,42
568,6,2023-05-30,2023-09-04,41750.0,0.07,monthly,69
569,3,2023-06-05,2023-11-21,31461.0,0.15,monthly,26
570,2,2023-01-21,2023-07-06,32787.0,0.16,monthly,53
571,5,2023-03-09,2023-10-26,39663.0,0.05,monthly,66
572,3,2023-04-20,2023-08-30,15677.0,0.1,monthly,17
573,4,2023-05-13,2023-08-05,18832.0,0.11,monthly,54
574,4,2023-05-15,2023-07-27,24390.0,0.02,monthly,50
575,2,2023-07-22,2023-08-19,27211.0,0.07,monthly,37
576,5,2023-07-15,2023-08-29,32603.0,0.04,monthly,60
577,7,2023-03-30,2024-01-31,12069.0,0.08,monthly,26
578,5,2023-03-30,2023-12-14,2827.0,0.13,monthly,68
579,1,2023-07-01,2024-03-16,17172.0,0.13,monthly,35
580,2,2023-05-18,2023-10-24,10234.0,0.05,monthly,41
581,4,2023-05-19,2024-02-07,2347.0,0.2,monthly,71
582,2,2023-05-19,2023-03-04,18098.0,0.15,monthly,70
583,7,2023-04-19,2023-12-20,34779.0,0.15,monthly,65
584,1,2023-06-28,2024-01-20,2201.0,0.12,monthly,26
585,9,2023-07-26,2023-05-29,1970.0,0.15,monthly,25
586,9,2023-08-05,2023-09-02,15325.0,0.17,monthly,31
587,4,2023-04-19,2023-10-05,4301.0,0.08,monthly,64
588,3,2023-03-19,2023-04-03,21007.0,0.19,monthly,54
589,5,2023-03-31,2024-02-06,28836.0,0.05,monthly,20
590,2,2023-01-11,2023-12-28,44135.0,0.03,monthly,18
591,9,2023-02-16,2023-11-05,46632.0,0.12,monthly,31
592,5,2023-01-18,2023-11-25,41431.0,0.09,monthly,62
593,4,2023-01-27,2023-10-07,35840.0,0.09,monthly,66
594,5,2023-05-01,2023-11-19,47194.0,0.15,monthly,58
595,5,2023-03-08,2023-10-22,18470.0,0.13,monthly,36
596,4,2023-02-27,2023-08-16,30644.0,0.13,monthly,26
597,1,2023-05-22,2024-01-21,12158.0,0.1,monthly,13
598,3,2023-05-04,2023-11-11,13765.0,0.08,monthly,35
599,1,2023-01-02,2023-11-23,27956.0,0.08,monthly,54
600,6,2023-06-29,2023-07-21,41197.0,0.19,monthly,42
601,7,2023-03-01,2024-03-12,19058.0,0.1,monthly,64
602,4,2023-08-18,2024-02-27,7622.0,0.16,monthly,69
603,1,2023-02-01,2023-12-05,4786.0,0.16,monthly,39
604,5,2023-01-11,2024-04-29,13465.0,0.2,monthly,38
605,10,2023-08-13,2024-04-30,6494.0,0.03,monthly,20
606,2,2023-02-24,2023-10-17,44133.0,0.15,monthly,53
607,9,2023-08-11,2023-10-02,45948.0,0.09,monthly,17
608,2,2023-08-02,2023-09-19,4114.0,0.14,monthly,14
609,3,2023-03-10,2024-03-08,35297.0,0.08,monthly,33
610,2,2023-02-17,2024-04-21,41094.0,0.13,monthly,25
611,10,2023-01-07,2023-10-27,46941.0,0.17,monthly,26
612,8,2023-08-06,2024-04-27,24400.0,0.12,monthly,36
613,8,2023-02-09,2023-12-28,11841.0,0.1,monthly,49
614,3,2023-06-30,2023-08-21,43367.0,0.11,monthly,23
615,8,2023-01-14,2023-08-08,13676.0,0.14,monthly,42
616,5,2023-08-16,2023-10-10,17805.0,0.09,monthly,52
617,8,2023-05-31,2023-05-10,21966.0,0.07,monthly,32
618,9,2023-07-31,2024-04-13,28413.0,0.08,monthly,12
619,4,2023-03-16,2024-03-29,44988.0,0.03,monthly,28
620,10,2023-06-10,2023-09-11,26142.0,0.07,monthly,44
621,4,2023-04-23,2024-01-25,31150.0,0.1,monthly,63
622,6,2023-05-10,2024-04-20,26194.0,0.19,monthly,52
623,5,2023-07-14,2023-11-17,18108.0,0.07,monthly,49
624,3,2023-06-18,2023-06-09,5126.0,0.08,monthly,39
625,9,2023-05-25,2024-07-02,44105.0,0.11,monthly,58
626,6,2023-01-11,2023-11-17,5394.0,0.14,monthly,19
627,3,2023-08-12,2024-02-05,16061.0,0.14,monthly,54
628,5,2023-01-30,2023-06-09,41288.0,0.02,monthly,61
629,5,2023-05-15,2023-12-06,36103.0,0.04,monthly,47
630,9,2023-04-12,2024-05-20,47863.0,0.07,monthly,27
631,2,2023-06-05,2024-02-29,34661.0,0.19,monthly,68
632,5,2023-04-12,2023-11-10,28776.0,0.19,monthly,63
633,3,2023-04-09,2024-01-31,13019.0,0.02,monthly,35
634,4,2023-01-23,2024-03-03,25487.0,0.18,monthly,52
635,3,2023-02-22,2024-02-06,13935.0,0.09,monthly,37
636,7,2023-07-14,2023-11-08,47076.0,0.2,monthly,28
637,9,2023-07-14,2023-10-23,43087.0,0.11,monthly,46
638,10,2023-07-24,2024-04-18,44619.0,0.11,monthly,45
639,2,2023-06-25,2023-07-31,23359.0,0.02,monthly,53
640,2,2023-03-16,2023-12-25,2585.0,0.18,monthly,15
641,8,2023-04-27,2023-04-05,38271.0,0.17,monthly,14
642,2,2023-04-17,2023-11-28,49201.0,0.03,monthly,62
643,6,2023-03-06,2023-04-03,17723.0,0.02,monthly,68
644,5,2023-04-15,2023-11-16,19778.0,0.15,monthly,48
645,9,2023-06-17,2023-10-02,46480.0,0.02,monthly,25
646,2,2023-02-19,2023-09-17,45782.0,0.14,monthly,51
647,5,2023-01-19,2024-06-15,36544.0,0.11,monthly,16
648,1,2023-04-08,2024-01-16,22536.0,0.04,monthly,29
649,9,2023-07-18,2024-02-14,10380.0,0.02,monthly,24
650,2,2023-04-01,2024-01-19,27736.0,0.06,monthly,44
651,7,2023-03-10,2024-04-26,44708.0,0.07,monthly,17
652,5,2023-03-23,2023-10-20,42049.0,0.16,monthly,24
653,1,2023-03-30,2024-06-13,39892.0,0.18,monthly,57
654,1,2023-05-05,2023-10-22,17447.0,0.03,monthly,41
655,1,2023-05-12,2023-06-25,34715.0,0.17,monthly,58
656,4,2023-06-29,2023-08-24,4259.0,0.19,monthly,38
657,8,2023-04-08,2023-10-11,18911.0,0.04,monthly,28
658,6,2023-01-05,2023-09-23,12705.0,0.01,monthly,23
659,10,2023-05-21,2023-10-11,28202.0,0.08,monthly,39
660,1,2023-04-18,2024-02-12,35546.0,0.15,monthly,50
661,4,2023-07-10,2024-07-27,5628.0,0.18,monthly,13
662,2,2023-05-16,2023-10-02,3506.0,0.07,monthly,30
663,8,2023-04-24,2023-09-24,31695.0,0.13,monthly,14
664,6,2023-08-14,2023-12-01,26091.0,0.15,monthly,29
665,4,2023-08-01,2023-05-25,37864.0,0.03,monthly,28
666,9,2023-07-27,2024-03-19,13536.0,0.19,monthly,21
667,5,2023-07-08,2024-04-04,3705.0,0.18,monthly,64
668,8,2023-02-08,2023-03-12,43783.0,0.03,monthly,31
669,2,2023-06-03,2023-08-19,16492.0,0.12,monthly,66
670,9,2023-04-02,2024-02-23,13496.0,0.08,monthly,29
671,6,2023-06-18,2024-06-12,26816.0,0.12,monthly,36
672,5,2023-08-23,2023-11-12,20817.0,0.04,monthly,30
673,8,2023-07-15,2024-01-21,47586.0,0.05,monthly,62
674,2,2023-05-04,2023-11-19,25790.0,0.05,monthly,47
675,1,2023-02-20,2024-03-22,41236.0,0.17,monthly,17
676,7,2023-02-07,2024-02-05,21186.0,0.09,monthly,52
677,4,2023-05-30,2024-06-24,48963.0,0.04,monthly,23
678,4,2023-06-28,2023-10-03,49299.0,0.04,monthly,37
679,2,2023-02-09,2024-01-21,24149.0,0.14,monthly,22
680,5,2023-01-05,2024-01-20,19450.0,0.09,monthly,14
681,10,2023-08-13,2023-07-29,25452.0,0.13,monthly,27
682,9,2023-05-14,2023-08-28,9397.0,0.12,monthly,33
683,6,2023-02-22,2023-08-11,29940.0,0.02,monthly,65
684,1,2023-03-05,2024-04-01,19561.0,0.14,monthly,12
685,2,2023-04-28,2023-09-06,34017.0,0.19,monthly,21
686,8,2023-08-02,2023-11-30,4878.0,0.11,monthly,35
687,6,2023-05-04,2023-04-15,30094.0,0.1,monthly,64
688,8,2023-07-15,2023-11-17,42150.0,0.07,monthly,54
689,7,2023-03-25,2023-11-07,21548.0,0.17,monthly,37
690,3,2023-05-13,2023-09-28,4139.0,0.01,monthly,23
691,3,2023-05-28,2023-08-27,9711.0,0.18,monthly,59
692,2,2023-05-27,2023-12-22,40719.0,0.07,monthly,18
693,8,2023-07-03,2024-01-08,35671.0,0.19,monthly,63
694,10,2023-03-14,2024-03-05,21722.0,0.1,monthly,37
695,6,2023-08-13,2024-06-19,12745.0,0.2,monthly,17
696,7,2023-03-06,2024-04-02,23603.0,0.14,monthly,26
697,2,2023-02-20,2023-12-27,18691.0,0.16,monthly,21
698,5,2023-03-02,2024-01-02,31692.0,0.15,monthly,45
699,6,2023-04-29,2023-12-22,4178.0,0.16,monthly,29
700,1,2023-02-15,2023-10-14,8981.0,0.15,monthly,63
701,6,2023-07-09,2024-01-19,45178.0,0.14,monthly,53
702,7,2023-04-22,2024-05-13,7388.0,0.19,monthly,28
703,10,2023-08-14,2023-06-17,12655.0,0.13,monthly,28
704,10,2023-06-24,2023-05-04,16340.0,0.09,monthly,49
705,10,2023-01-24,2023-09-25,7724.0,0.07,monthly,62
706,4,2023-07-03,2023-12-28,6726.0,0.2,monthly,58
707,1,2023-03-26,2024-04-24,6470.0,0.04,monthly,43
708,5,2023-03-10,2023-06-26,30691.0,0.06,monthly,48
709,9,2023-07-23,2023-08-01,45579.0,0.02,monthly,29
710,6,2023-04-28,2023-03-05,45087.0,0.18,monthly,26
711,4,2023-07-01,2023-08-02,26602.0,0.09,monthly,64
712,9,2023-02-15,2023-09-06,11854.0,0.16,monthly,53
713,7,2023-07-14,2023-11-08,36065.0,0.14,monthly,62
714,3,2023-02-03,2023-07-18,16222.0,0.08,monthly,21
715,8,2023-05-31,2024-04-29,24254.0,0.17,monthly,55
716,4,2023-02-13,2024-01-10,14738.0,0.11,monthly,62
717,10,2023-03-11,2024-04-02,11687.0,0.13,monthly,12
718,3,2023-03-09,2024-01-04,43107.0,0.04,monthly,17
719,3,2023-01-25,2024-01-15,17126.0,0.05,monthly,42
720,5,2023-08-16,2024-02-07,16283.0,0.03,monthly,16
721,5,2023-03-29,2023-10-21,12165.0,0.13,monthly,69
722,7,2023-01-01,2024-03-11,26652.0,0.02,monthly,56
723,5,2023-04-23,2023-06-15,2537.0,0.02,monthly,15
724,9,2023-01-20,2023-08-06,28321.0,0.2,monthly,41
725,1,2023-08-11,2023-12-24,1634.0,0.18,monthly,34
726,3,2023-07-23,2023-08-09,13517.0,0.13,monthly,23
727,4,2023-02-05,2023-03-23,24809.0,0.2,monthly,44
728,10,2023-02-15,2023-07-30,25673.0,0.06,monthly,53
729,7,2023-04-21,2023-11-01,21753.0,0.12,monthly,41
730,5,2023-05-26,2023-11-27,5323.0,0.09,monthly,63
731,4,2023-03-31,2023-12-29,10400.0,0.04,monthly,59
732,1,2023-01-10,2023-12-20,44741.0,0.1,monthly,19
733,1,2023-03-09,2023-11-22,35537.0,0.04,monthly,70
734,9,2023-02-10,2023-10-18,8585.0,0.09,monthly,64
735,10,2023-06-16,2023-07-16,23717.0,0.16,monthly,27
736,10,2023-02-27,2023-06-07,40581.0,0.17,monthly,30
737,3,2023-04-01,2023-03-20,34710.0,0.13,monthly,66
738,9,2023-02-25,2023-12-13,23619.0,0.17,monthly,38
739,1,2023-02-12,2024-05-22,28301.0,0.01,monthly,71
740,3,2023-06-19,2023-08-01,19250.0,0.07,monthly,62
741,10,2023-04-15,2024-06-15,33963.0,0.19,monthly,16
742,8,2023-02-10,2023-09-17,25352.0,0.11,monthly,22
743,5,2023-06-08,2023-07-31,32864.0,0.02,monthly,43
744,5,2023-03-22,2023-03-08,41416.0,0.18,monthly,41
745,2,2023-01-03,2023-07-19,27789.0,0.17,monthly,54
746,7,2023-02-03,2023-11-06,12244.0,0.02,monthly,64
747,10,2023-06-22,2023-06-10,10639.0,0.19,monthly,61
748,1,2023-04-11,2023-10-07,4361.0,0.18,monthly,35
749,5,2023-07-15,2023-05-16,7999.0,0.14,monthly,16
750,5,2023-03-04,2024-04-17,23860.0,0.04,monthly,18
751,3,2023-08-17,2023-08-04,26581.0,0.03,monthly,19
752,9,2023-03-14,2024-04-02,49966.0,0.05,monthly,22
753,5,2023-01-26,2023-04-23,12832.0,0.14,monthly,23
754,9,2023-07-14,2023-11-11,49341.0,0.17,monthly,40
755,7,2023-03-07,2023-06-06,43946.0,0.13,monthly,42
756,10,2023-04-11,2024-06-25,18358.0,0.11,monthly,27
757,2,2023-07-08,2023-08-18,12213.0,0.04,monthly,51
758,3,2023-03-11,2024-05-19,19780.0,0.2,monthly,62
759,4,2023-05-08,2023-07-15,9299.0,0.17,monthly,57
760,10,2023-04-11,2023-05-12,49808.0,0.03,monthly,16
761,5,2023-02-14,2023-12-10,29098.0,0.18,monthly,59
762,4,2023-03-31,2024-04-29,26003.0,0.13,monthly,32
763,9,2023-01-03,2023-11-12,34371.0,0.19,monthly,71
764,7,2023-08-11,2023-10-29,17861.0,0.03,monthly,12
765,4,2023-05-31,2023-03-03,48360.0,0.14,monthly,42
766,2,2023-01-15,2023-07-16,17374.0,0.02,monthly,18
767,2,2023-06-21,2023-09-26,19605.0,0.12,monthly,16
768,1,2023-01-25,2024-03-13,19629.0,0.09,monthly,68
769,7,2023-06-11,2023-10-11,30635.0,0.09,monthly,20
770,5,2023-04-04,2023-06-07,10439.0,0.08,monthly,29
771,3,2023-05-26,2024-01-11,36329.0,0.06,monthly,21
772,8,2023-07-02,2024-03-12,15565.0,0.12,monthly,29
773,8,2023-08-16,2023-11-29,13161.0,0.09,monthly,25
774,5,2023-05-18,2023-08-31,4805.0,0.05,monthly,63
775,9,2023-07-16,2023-04-30,29190.0,0.16,monthly,37
776,2,2023-02-17,2023-03-14,23942.0,0.2,monthly,42
777,5,2023-03-01,2024-03-26,42083.0,0.04,monthly,13
778,3,2023-02-26,2023-03-28,46465.0,0.15,monthly,60
779,9,2023-01-13,2023-04-23,19706.0,0.08,monthly,28
780,3,2023-05-17,2023-03-22,18720.0,0.08,monthly,24
781,10,2023-03-20,2023-09-16,30904.0,0.1,monthly,23
782,9,2023-06-18,2023-06-20,13376.0,0.2,monthly,34
783,10,2023-06-04,2023-06-20,34243.0,0.11,monthly,53
784,1,2023-02-15,2024-02-03,48369.0,0.1,monthly,45
785,9,2023-07-13,2024-01-05,37071.0,0.16,monthly,48
786,2,2023-01-11,2023-09-27,19701.0,0.06,monthly,27
787,9,2023-06-07,2023-12-06,49502.0,0.17,monthly,57
788,6,2023-02-22,2023-02-13,20609.0,0.11,monthly,38
789,6,2023-04-21,2024-03-24,29299.0,0.03,monthly,57
790,1,2023-02-09,2023-04-04,14639.0,0.09,monthly,19
791,4,2023-02-19,2023-05-27,40689.0,0.08,monthly,38
792,7,2023-02-13,2024-01-06,6398.0,0.2,monthly,21
793,1,2023-01-20,2024-04-24,38963.0,0.07,monthly,23
794,3,2023-06-04,2023-04-07,43039.0,0.05,monthly,20
795,1,2023-05-20,2023-08-19,19035.0,0.12,monthly,28
796,6,2023-03-20,2023-11-07,42305.0,0.13,monthly,46
797,4,2023-02-28,2023-09-14,26245.0,0.15,monthly,31
798,5,2023-04-15,2024-03-23,48701.0,0.14,monthly,56
799,10,2023-02-21,2023-05-23,16112.0,0.17,monthly,56
800,9,2023-04-28,2023-04-18,18343.0,0.12,monthly,55
801,6,2023-07-09,2024-02-03,29033.0,0.09,monthly,50
802,3,2023-08-17,2023-12-07,20626.0,0.11,monthly,37
803,4,2023-07-25,2023-12-22,28239.0,0.12,monthly,26
804,5,2023-02-16,2023-07-18,48634.0,0.17,monthly,70
805,7,2023-07-09,2023-11-28,23785.0,0.05,monthly,12
806,2,2023-05-12,2023-09-28,16252.0,0.11,monthly,67
807,1,2023-05-29,2024-01-28,8537.0,0.05,monthly,21
808,2,2023-07-04,2023-10-11,30269.0,0.19,monthly,22
809,5,2023-04-21,2024-05-01,32104.0,0.14,monthly,55
810,5,2023-06-17,2024-07-19,14167.0,0.07,monthly,51
811,10,2023-06-09,2023-10-23,19129.0,0.05,monthly,53
812,5,2023-03-27,2024-06-02,34483.0,0.05,monthly,42
813,7,2023-05-31,2023-07-04,16183.0,0.18,monthly,53
814,9,2023-04-01,2023-10-19,24736.0,0.09,monthly,18
815,5,2023-01-14,2024-06-02,9381.0,0.05,monthly,71
816,7,2023-02-09,2024-02-08,5968.0,0.04,monthly,45
817,6,2023-07-07,2023-10-07,27507.0,0.16,monthly,15
818,1,2023-06-27,2024-03-28,3411.0,0.06,monthly,16
819,7,2023-06-13,2024-05-02,20436.0,0.11,monthly,43
820,10,2023-06-22,2023-12-27,40972.0,0.07,monthly,29
821,10,2023-01-01,2024-02-16,31337.0,0.19,monthly,15
822,3,2023-06-11,2023-09-16,12723.0,0.02,monthly,67
823,10,2023-06-03,2023-10-15,6163.0,0.06,monthly,43
824,2,2023-07-06,2024-03-29,47287.0,0.1,monthly,71
825,8,2023-06-21,2023-11-03,1420.0,0.03,monthly,20
826,1,2023-04-21,2023-09-21,7018.0,0.08,monthly,28
827,2,2023-02-16,2023-10-21,13418.0,0.09,monthly,60
828,5,2023-05-15,2024-07-25,45279.0,0.17,monthly,61
829,4,2023-04-29,2024-03-30,28218.0,0.06,monthly,42
830,8,2023-08-03,2023-05-17,32020.0,0.03,monthly,29
831,4,2023-05-24,2024-01-30,29189.0,0.07,monthly,63
832,8,2023-01-31,2024-05-07,10688.0,0.17,monthly,28
833,9,2023-01-27,2023-09-19,10671.0,0.09,monthly,28
834,10,2023-03-05,2023-06-20,16062.0,0.15,monthly,50
835,10,2023-04-12,2024-04-14,43524.0,0.18,monthly,45
836,3,2023-05-05,2024-02-28,5158.0,0.16,monthly,44
837,8,2023-05-22,2023-09-30,5519.0,0.03,monthly,39
838,1,2023-03-08,2023-06-16,46456.0,0.14,monthly,39
839,2,2023-06-06,2023-10-04,6208.0,0.07,monthly,17
840,8,2023-06-27,2024-02-05,39473.0,0.1,monthly,68
841,3,2023-07-22,2023-07-18,20118.0,0.17,monthly,36
842,8,2023-04-03,2023-06-25,20374.0,0.1,monthly,36
843,1,2023-05-03,2023-06-25,47109.0,0.16,monthly,18
844,4,2023-06-03,2024-02-10,42199.0,0.18,monthly,13
845,4,2023-08-12,2024-01-23,22671.0,0.03,monthly,29
846,7,2023-07-25,2024-04-20,40283.0,0.07,monthly,56
847,9,2023-05-31,2023-06-27,27264.0,0.05,monthly,47
848,2,2023-02-16,2024-01-23,11010.0,0.06,monthly,31
849,4,2023-04-08,2023-12-15,20554.0,0.15,monthly,67
850,2,2023-08-12,2024-01-09,20105.0,0.04,monthly,38
851,9,2023-05-02,2023-02-26,23703.0,0.12,monthly,63
852,1,2023-01-01,2023-08-25,18491.0,0.14,monthly,55
853,6,2023-05-18,2024-01-20,19496.0,0.13,monthly,39
854,3,2023-04-04,2023-08-25,39202.0,0.11,monthly,41
855,8,2023-07-14,2023-08-24,36127.0,0.18,monthly,24
856,9,2023-03-07,2024-01-29,5168.0,0.05,monthly,69
857,7,2023-06-15,2023-11-15,20850.0,0.18,monthly,38
858,9,2023-02-04,2024-07-07,17831.0,0.16,monthly,57
859,3,2023-04-14,2023-09-22,44261.0,0.04,monthly,23
860,5,2023-01-14,2023-04-15,49210.0,0.11,monthly,61
861,1,2023-01-24,2023-12-26,14809.0,0.05,monthly,38
862,4,2023-01-19,2024-02-09,35841.0,0.08,monthly,54
863,9,2023-08-14,2023-11-23,39780.0,0.05,monthly,21
864,1,2023-03-13,2023-07-07,48720.0,0.05,monthly,33
865,2,2023-06-16,2024-05-22,7070.0,0.16,monthly,21
866,3,2023-03-16,2023-08-07,30826.0,0.1,monthly,23
867,9,2023-02-11,2023-12-05,33153.0,0.08,monthly,26
868,9,2023-03-09,2024-04-13,47045.0,0.07,monthly,36
869,7,2023-05-13,2024-01-07,12069.0,0.09,monthly,49
870,9,2023-06-03,2023-07-21,49385.0,0.14,monthly,65
871,1,2023-01-02,2023-06-01,28995.0,0.11,monthly,40
872,6,2023-04-23,2023-09-06,38291.0,0.18,monthly,34
873,7,2023-04-11,2024-01-05,14825.0,0.18,monthly,68
874,2,2023-03-29,2024-01-21,32008.0,0.18,monthly,53
875,6,2023-06-29,2023-02-19,24173.0,0.19,monthly,58
876,8,2023-06-05,2023-11-13,10843.0,0.08,monthly,69
877,6,2023-05-20,2023-10-06,2497.0,0.02,monthly,35
878,3,2023-08-14,2024-03-04,44604.0,0.06,monthly,21
879,2,2023-08-13,2023-08-18,33717.0,0.17,monthly,40
880,3,2023-08-11,2023-12-12,21300.0,0.11,monthly,48
881,5,2023-04-30,2024-06-21,28449.0,0.16,monthly,34
882,7,2023-06-17,2023-11-06,22986.0,0.01,monthly,17
883,2,2023-07-29,2023-10-08,30670.0,0.04,monthly,53
884,4,2023-05-03,2023-11-25,3997.0,0.11,monthly,66
885,7,2023-07-17,2023-08-09,37206.0,0.01,monthly,37
886,9,2023-07-03,2023-12-20,44049.0,0.09,monthly,51
887,4,2023-01-03,2024-02-28,2797.0,0.16,monthly,60
888,8,2023-08-09,2023-07-07,17068.0,0.18,monthly,67
889,10,2023-05-12,2023-08-03,20374.0,0.18,monthly,27
890,3,2023-02-13,2023-06-04,5160.0,0.09,monthly,36
891,6,2023-06-30,2023-06-17,17416.0,0.11,monthly,16
892,5,2023-04-12,2023-08-06,11588.0,0.08,monthly,19
893,10,2023-05-26,2023-07-15,10015.0,0.09,monthly,12
894,5,2023-07-21,2024-04-26,7986.0,0.16,monthly,26
895,10,2023-08-02,2024-03-06,8860.0,0.16,monthly,30
896,3,2023-08-16,2024-03-06,43057.0,0.05,monthly,20
897,1,2023-02-13,2023-10-12,29726.0,0.1,monthly,25
898,7,2023-07-20,2024-03-09,24029.0,0.12,monthly,54
899,10,2023-05-21,2023-12-18,5134.0,0.03,monthly,38
900,10,2023-06-07,2023-07-22,20154.0,0.19,monthly,33
901,8,2023-04-01,2024-03-15,7080.0,0.01,monthly,44
902,5,2023-04-18,2023-07-15,18462.0,0.18,monthly,66
903,6,2023-03-25,2023-09-18,3399.0,0.11,monthly,17
904,2,2023-04-30,2023-06-03,29205.0,0.11,monthly,18
905,7,2023-08-03,2023-09-03,38813.0,0.15,monthly,72
906,4,2023-05-17,2023-12-03,24510.0,0.09,monthly,38
907,2,2023-03-26,2024-01-06,45329.0,0.09,monthly,64
908,7,2023-03-30,2023-06-10,42332.0,0.15,monthly,18
909,3,2023-05-01,2024-02-09,6706.0,0.11,monthly,24
910,9,2023-05-16,2023-12-06,10444.0,0.04,monthly,43
911,5,2023-01-08,2024-04-05,2602.0,0.05,monthly,48
912,2,2023-05-19,2024-02-12,40829.0,0.09,monthly,27
913,4,2023-08-12,2024-02-18,10077.0,0.18,monthly,68
914,7,2023-03-26,2023-10-15,10983.0,0.09,monthly,64
915,6,2023-03-04,2023-08-02,26446.0,0.14,monthly,60
916,3,2023-07-28,2024-02-01,8955.0,0.05,monthly,42
917,7,2023-05-04,2023-12-01,46290.0,0.15,monthly,52
918,7,2023-02-04,2024-04-02,21354.0,0.01,monthly,54
919,9,2023-04-19,2023-03-11,43911.0,0.17,monthly,28
920,6,2023-05-01,2023-08-04,11413.0,0.06,monthly,35
921,1,2023-03-25,2023-12-06,38979.0,0.04,monthly,71
922,8,2023-07-24,2023-11-21,44214.0,0.07,monthly,59
923,9,2023-02-12,2023-05-24,22499.0,0.12,monthly,15
924,5,2023-06-18,2023-07-26,30043.0,0.19,monthly,15
925,3,2023-07-07,2024-08-01,41567.0,0.19,monthly,44
926,4,2023-02-18,2023-10-22,40854.0,0.11,monthly,26
927,9,2023-08-13,2024-01-13,27585.0,0.05,monthly,52
928,8,2023-06-24,2023-03-03,34574.0,0.13,monthly,43
929,7,2023-01-07,2023-07-13,6039.0,0.17,monthly,41
930,4,2023-03-28,2023-12-23,36948.0,0.12,monthly,64
931,7,2023-04-30,2023-07-25,48458.0,0.19,monthly,51
932,6,2023-08-19,2024-01-08,20139.0,0.05,monthly,71
933,10,2023-04-24,2023-10-25,41065.0,0.16,monthly,38
934,2,2023-07-22,2023-09-08,9604.0,0.16,monthly,24
935,1,2023-03-18,2023-08-23,14951.0,0.05,monthly,57
936,6,2023-07-09,2024-01-01,28134.0,0.07,monthly,61
937,6,2023-08-02,2023-11-02,16669.0,0.13,monthly,27
938,9,2023-02-28,2024-01-10,34428.0,0.14,monthly,51
939,9,2023-05-05,2023-11-06,7809.0,0.02,monthly,48
940,5,2023-02-12,2024-05-18,23738.0,0.14,monthly,66
941,2,2023-01-16,2024-01-10,30512.0,0.15,monthly,68
942,7,2023-05-01,2024-04-15,13268.0,0.14,monthly,31
943,5,2023-04-29,2023-11-22,14121.0,0.04,monthly,43
944,7,2023-08-20,2023-11-21,41730.0,0.14,monthly,33
945,2,2023-03-15,2023-11-28,47965.0,0.02,monthly,46
946,10,2023-05-11,2024-04-16,31938.0,0.12,monthly,59
947,1,2023-04-11,2023-06-05,13676.0,0.04,monthly,12
948,4,2023-01-14,2024-01-03,26690.0,0.11,monthly,59
949,4,2023-06-05,2023-11-19,38001.0,0.13,monthly,28
950,7,2023-08-23,2023-02-24,13566.0,0.07,monthly,21
951,10,2023-03-07,2023-12-04,2127.0,0.04,monthly,40
952,6,2023-05-30,2024-03-16,9047.0,0.12,monthly,41
953,7,2023-04-19,2024-01-27,12354.0,0.12,monthly,60
954,4,2023-06-25,2024-01-14,23891.0,0.11,monthly,17
955,9,2023-03-06,2023-09-17,5880.0,0.08,monthly,63
956,9,2023-05-09,2023-10-04,47692.0,0.17,monthly,22
957,5,2023-05-03,2023-12-27,45473.0,0.04,monthly,18
958,6,2023-03-19,2023-10-05,7095.0,0.2,monthly,50
959,5,2023-07-24,2024-06-24,5269.0,0.14,monthly,54
960,7,2023-07-04,2024-02-10,15995.0,0.06,monthly,13
961,1,2023-06-21,2023-09-29,18621.0,0.06,monthly,22
962,2,2023-05-17,2023-06-23,19808.0,0.19,monthly,62
963,3,2023-01-04,2023-12-29,34674.0,0.07,monthly,70
964,1,2023-04-27,2024-06-15,33134.0,0.19,monthly,30
965,1,2023-06-28,2023-06-25,22086.0,0.05,monthly,21
966,1,2023-04-14,2023-11-08,47511.0,0.06,monthly,59
967,10,2023-03-01,2023-05-25,14888.0,0.11,monthly,68
968,9,2023-07-17,2024-01-19,18953.0,0.14,monthly,46
969,10,2023-03-01,2023-09-23,15783.0,0.16,monthly,64
970,6,2023-02-27,2023-10-12,24294.0,0.18,monthly,34
971,1,2023-07-10,2023-07-26,49442.0,0.05,monthly,62
972,4,2023-04-13,2023-04-14,10149.0,0.03,monthly,48
973,3,2023-08-10,2023-11-19,43599.0,0.05,monthly,72
974,4,2023-01-27,2023-06-06,37927.0,0.04,monthly,50
975,9,2023-01-15,2023-06-29,26078.0,0.2,monthly,41
976,4,2023-01-06,2023-03-18,17439.0,0.11,monthly,12
977,2,2023-03-21,2023-12-24,26663.0,0.04,monthly,64
978,1,2023-08-06,2024-02-26,49592.0,0.15,monthly,55
979,9,2023-07-12,2024-01-20,5634.0,0.15,monthly,42
980,10,2023-06-27,2023-10-17,7119.0,0.2,monthly,68
981,10,2023-01-11,2023-07-30,4267.0,0.15,monthly,25
982,1,2023-07-06,2023-05-02,17065.0,0.06,monthly,30
983,7,2023-07-13,2023-12-18,31371.0,0.03,monthly,37
984,9,2023-04-11,2024-02-21,17177.0,0.05,monthly,21
985,9,2023-07-28,2023-05-23,3911.0,0.09,monthly,47
986,3,2023-02-15,2023-10-24,22268.0,0.17,monthly,66
987,7,2023-04-27,2023-11-10,30368.0,0.06,monthly,57
988,1,2023-01-20,2023-09-18,24369.0,0.17,monthly,44
989,10,2023-07-21,2023-11-03,13928.0,0.07,monthly,24
990,10,2023-06-18,2023-11-14,40778.0,0.12,monthly,37
991,1,2023-05-09,2023-08-23,7105.0,0.07,monthly,58
992,6,2023-07-08,2024-02-01,12670.0,0.18,monthly,34
993,4,2023-03-17,2023-11-28,28767.0,0.14,monthly,64
994,8,2023-04-23,2023-07-29,34690.0,0.02,monthly,43
995,1,2023-06-09,2023-09-18,19364.0,0.19,monthly,16
996,3,2023-08-16,2023-12-16,2170.0,0.06,monthly,62
997,5,2023-06-30,2023-04-26,41327.0,0.19,monthly,47
998,9,2023-05-09,2023-12-02,4639.0,0.03,monthly,39
999,5,2023-01-15,2023-08-05,23216.0,0.13,monthly,40
1000,2,2023-08-06,2023-10-30,46351.0,0.17,monthly,24
