payment_id,user_id,loan_id,limit_payment_dt,payment_date,payment_method,hash_card,issue_bank,payment_amount
1,3,6,2023-05-20,2023-08-19,Cash,2298106694523871,BBVA,475.0
2,4,2,2023-03-11,2023-01-12,Debit Card,3573234539022869,BBVA,189.0
3,8,10,2023-08-01,2023-03-30,Cash,4978763984748651267,Banamex,735.0
4,5,1,2023-06-05,2023-03-11,Cash,4316475747284821,Santander,4093.0
5,7,5,2023-01-07,2023-07-09,Cash,379874840799853,BBVA,265.0
6,6,9,2023-07-01,2023-04-06,Debit Card,3584685823114117,BBVA,2495.0
7,4,8,2023-05-08,2023-08-19,Debit Card,213124058618308,Banamex,712.0
8,4,7,2023-07-04,2023-02-20,Cash,4333512860663222,Banamex,3853.0
9,8,8,2023-08-24,2023-03-13,Debit Card,30398213755301,BBVA,1014.0
10,5,6,2023-08-24,2023-04-26,Debit Card,4239269488419892,Banamex,2818.0
11,8,4,2023-04-24,2023-06-03,Debit Card,36147158258423,Santander,2299.0
12,1,3,2023-03-14,2023-02-22,Debit Card,4216779010998,Azteka,4087.0
13,8,3,2023-05-22,2023-06-23,Debit Card,2280872472924496,Azteka,2962.0
14,2,3,2023-04-17,2023-04-10,Debit Card,378745742945680,Santander,4638.0
15,6,10,2023-07-22,2023-02-28,Cash,3584105518781955,Banamex,1640.0
16,3,1,2023-04-29,2023-04-24,Debit Card,4205794232729,Azteka,1606.0
17,4,4,2023-03-07,2023-03-06,Debit Card,3576457454108549,Azteka,308.0
18,3,4,2023-07-08,2023-08-09,Cash,3556910465248898,Azteka,4458.0
19,8,10,2023-08-10,2023-03-27,Cash,4038854726169,BBVA,3903.0
20,5,5,2023-05-01,2023-04-08,Cash,676149651371,Santander,871.0
21,2,1,2023-03-17,2023-05-29,Debit Card,6011072641384741,Santander,4076.0
22,7,6,2023-04-29,2023-07-21,Cash,2302633027196731,Santander,1690.0
23,7,4,2023-07-24,2023-07-03,Debit Card,36956472347773,Banamex,3934.0
24,5,2,2023-01-31,2023-07-30,Debit Card,4894808547074441052,BBVA,2409.0
25,9,3,2023-06-29,2023-01-11,Debit Card,503863910116,BBVA,2725.0
26,5,6,2023-04-30,2023-02-03,Debit Card,4840464422788061,Azteka,3114.0
27,9,1,2023-08-01,2023-04-20,Debit Card,6011560896963912,Santander,2910.0
28,1,1,2023-08-19,2023-06-01,Debit Card,4628365120998944,Santander,3566.0
29,6,1,2023-03-31,2023-03-22,Cash,676399046074,Banamex,2428.0
30,5,6,2023-07-02,2023-01-18,Debit Card,4624797617829139154,Azteka,2547.0
31,7,1,2023-03-30,2023-02-21,Debit Card,213158182124338,Azteka,3806.0
32,2,4,2023-02-28,2023-06-23,Debit Card,38609425997123,Azteka,2195.0
33,7,5,2023-04-18,2023-06-09,Cash,4439909305919251752,Santander,2707.0
34,2,6,2023-05-03,2023-05-11,Cash,6526053483560679,BBVA,3529.0
35,4,8,2023-07-07,2023-04-02,Cash,4885775333675225336,Azteka,3874.0
36,9,1,2023-05-12,2023-03-01,Cash,568936940457,Banamex,4001.0
37,3,7,2023-08-14,2023-08-10,Debit Card,372873546675729,BBVA,4943.0
38,6,7,2023-05-05,2023-01-27,Cash,4535166929347396,Banamex,4846.0
39,5,10,2023-06-30,2023-05-04,Cash,676252982241,Santander,4654.0
40,4,8,2023-03-04,2023-07-08,Debit Card,213176080449151,BBVA,2002.0
41,9,8,2023-06-27,2023-07-09,Debit Card,213161431204711,Azteka,1789.0
42,3,1,2023-04-29,2023-07-05,Debit Card,3581426563194255,Azteka,3821.0
43,2,1,2023-08-23,2023-03-03,Debit Card,4821166276237599,Santander,4324.0
44,9,6,2023-01-20,2023-02-11,Debit Card,3535018978014207,BBVA,1684.0
45,5,7,2023-01-10,2023-06-20,Cash,4316469038920797,Azteka,2591.0
46,2,5,2023-01-19,2023-05-23,Cash,2254417642339597,Santander,3988.0
47,1,6,2023-02-04,2023-04-07,Debit Card,180098790132878,Santander,878.0
48,7,1,2023-02-17,2023-01-03,Debit Card,4469871116504531,Azteka,2642.0
49,4,6,2023-04-21,2023-02-20,Cash,6541421701214091,Santander,802.0
50,2,3,2023-01-05,2023-02-14,Cash,30459862010628,Banamex,297.0
51,10,7,2023-06-25,2023-02-14,Cash,501804652136,Azteka,422.0
52,6,7,2023-06-27,2023-01-02,Cash,30160547903076,Banamex,4779.0
53,3,7,2023-03-06,2023-05-23,Debit Card,4747371256357,Azteka,3892.0
54,6,3,2023-05-01,2023-05-18,Cash,30473811359069,BBVA,4144.0
55,9,4,2023-01-13,2023-06-19,Debit Card,372037828131054,Azteka,1220.0
56,1,4,2023-02-14,2023-01-10,Debit Card,4878598242174120,Banamex,4561.0
57,8,1,2023-04-12,2023-04-21,Debit Card,348382032427927,Santander,4836.0
58,2,5,2023-02-25,2023-02-05,Cash,2229026893859476,Banamex,4852.0
59,4,10,2023-04-21,2023-04-15,Cash,6536758933243183,BBVA,2254.0
60,6,4,2023-08-26,2023-02-23,Cash,4830870861642803,Santander,2504.0
61,7,7,2023-04-11,2023-04-22,Debit Card,3559294652861020,Azteka,362.0
62,9,7,2023-01-22,2023-02-07,Cash,2711987056048212,Banamex,2534.0
63,7,3,2023-02-11,2023-02-28,Cash,4163036728050849,Banamex,4542.0
64,2,9,2023-01-24,2023-04-22,Cash,4063340091127,Banamex,3766.0
65,1,4,2023-08-03,2023-07-30,Cash,3530384242682624,Azteka,374.0
66,2,1,2023-03-13,2023-01-07,Cash,4349937969860001,Santander,4639.0
67,5,8,2023-08-04,2023-06-02,Debit Card,4550013040708902953,Santander,4171.0
68,1,9,2023-03-03,2023-02-16,Debit Card,30560244021215,Banamex,3780.0
69,5,1,2023-06-21,2023-07-06,Cash,3507642571873471,Santander,3393.0
70,7,5,2023-07-11,2023-04-20,Debit Card,3558640900250328,Santander,2070.0
71,7,4,2023-04-19,2023-03-22,Cash,4098190650473,Azteka,2556.0
72,10,4,2023-04-05,2023-02-20,Cash,4993169375283546955,BBVA,1237.0
73,7,4,2023-02-26,2023-03-31,Cash,4459261560368025,Santander,4064.0
74,9,10,2023-03-27,2023-03-22,Cash,5140653823000233,Santander,3481.0
75,4,3,2023-01-21,2023-05-30,Debit Card,5422108690596184,BBVA,1113.0
76,3,7,2023-03-15,2023-05-10,Cash,4079630505578380335,Santander,3330.0
77,10,2,2023-02-20,2023-02-09,Cash,348354461931059,Santander,3970.0
78,8,10,2023-02-25,2023-01-08,Cash,4342623335580138,Azteka,2008.0
79,8,2,2023-06-22,2023-01-09,Cash,6011229607406526,Azteka,2041.0
80,4,4,2023-02-10,2023-05-10,Cash,4647736208913103,Banamex,3783.0
81,2,10,2023-01-13,2023-06-03,Debit Card,4379000075915,BBVA,1539.0
82,9,8,2023-03-29,2023-06-15,Cash,4516972001724086,Santander,1502.0
83,3,5,2023-01-05,2023-03-14,Cash,3587989467543772,Azteka,4373.0
84,3,1,2023-06-13,2023-04-15,Debit Card,4206253539018,Azteka,667.0
85,4,9,2023-06-07,2023-06-25,Cash,4180891633900530169,Azteka,1124.0
86,5,8,2023-03-28,2023-04-07,Cash,4873030173773844811,Santander,1266.0
87,10,7,2023-04-23,2023-05-26,Debit Card,3525671615578992,Azteka,4817.0
88,10,5,2023-02-28,2023-03-22,Cash,4080797485139279,Banamex,2888.0
89,2,5,2023-08-05,2023-05-15,Cash,4012688075358,BBVA,3579.0
90,8,2,2023-06-04,2023-08-08,Cash,3508117742886321,Santander,188.0
91,7,7,2023-04-19,2023-04-29,Cash,213119708902623,Azteka,289.0
92,9,4,2023-02-28,2023-04-03,Cash,4375982443144751,Azteka,3019.0
93,6,2,2023-08-17,2023-06-12,Debit Card,502042521414,Santander,1796.0
94,6,3,2023-07-29,2023-02-18,Debit Card,30494907066129,Santander,493.0
95,9,4,2023-08-18,2023-02-02,Debit Card,4009324194413842,Banamex,1023.0
96,3,1,2023-06-13,2023-04-18,Cash,2597570305726629,Banamex,1313.0
97,6,5,2023-04-16,2023-05-16,Debit Card,3599866940584498,Santander,1415.0
98,2,7,2023-08-21,2023-03-21,Debit Card,30567018259954,Azteka,3298.0
99,9,5,2023-01-04,2023-04-05,Debit Card,180064373706686,Azteka,1340.0
100,7,7,2023-05-29,2023-01-04,Cash,3574277420185799,Santander,2911.0
101,8,8,2023-05-14,2023-01-25,Cash,4292833885283229,BBVA,1956.0
102,2,4,2023-07-26,2023-01-07,Cash,4031849158184883512,Banamex,3252.0
103,8,3,2023-01-08,2023-02-12,Cash,30065146300949,Banamex,145.0
104,5,9,2023-02-06,2023-08-17,Debit Card,4837474269615231,Azteka,4243.0
105,8,9,2023-02-20,2023-03-06,Debit Card,566844856708,Azteka,4473.0
106,9,9,2023-02-25,2023-01-16,Debit Card,4271658635191421,Azteka,4730.0
107,6,10,2023-02-27,2023-02-23,Cash,4931016844966814,BBVA,1124.0
108,10,1,2023-07-14,2023-07-14,Debit Card,4566027628305923,Banamex,507.0
109,4,8,2023-04-08,2023-01-01,Cash,340675843478882,Azteka,4157.0
110,10,7,2023-03-20,2023-04-16,Cash,340007555997018,BBVA,3426.0
111,1,7,2023-05-03,2023-06-08,Debit Card,6011816169287433,Azteka,1142.0
112,6,6,2023-05-04,2023-05-27,Debit Card,2275310546178010,Santander,2184.0
113,5,9,2023-04-21,2023-04-08,Cash,4652898498005503,BBVA,4946.0
114,2,5,2023-04-18,2023-06-16,Cash,180023432145153,Azteka,1510.0
115,8,9,2023-08-24,2023-03-29,Debit Card,5196985523457005,Banamex,2015.0
116,4,9,2023-02-18,2023-04-29,Cash,6560549548246698,Banamex,3852.0
117,9,4,2023-02-18,2023-02-18,Cash,180093650565812,BBVA,3895.0
118,7,5,2023-04-09,2023-01-17,Cash,180074800847334,Santander,3903.0
119,5,6,2023-01-18,2023-06-03,Debit Card,3536311486943762,BBVA,2395.0
120,10,2,2023-07-05,2023-06-15,Cash,503893148299,BBVA,1607.0
121,3,5,2023-04-20,2023-04-14,Debit Card,4185787261952,Santander,525.0
122,8,5,2023-06-03,2023-05-12,Cash,4299984582892290850,Banamex,2302.0
123,10,10,2023-03-18,2023-03-15,Debit Card,676310533846,Santander,2472.0
124,7,3,2023-05-17,2023-08-04,Debit Card,348750780588894,Azteka,4055.0
125,2,6,2023-08-09,2023-03-25,Debit Card,4113336042412616850,Azteka,4802.0
126,6,1,2023-04-22,2023-04-02,Cash,2284354045756123,Banamex,1749.0
127,6,9,2023-04-27,2023-08-24,Cash,4803684876256357,Banamex,582.0
128,6,9,2023-04-26,2023-08-03,Cash,4257205063888,BBVA,3439.0
129,8,8,2023-06-23,2023-06-06,Cash,3525185670233021,Banamex,1034.0
130,5,2,2023-06-05,2023-03-14,Cash,30391138610784,Santander,4248.0
131,3,1,2023-02-23,2023-07-21,Debit Card,4962894331723720,BBVA,309.0
132,3,4,2023-03-09,2023-08-08,Debit Card,2376870483092787,BBVA,2608.0
133,8,4,2023-07-29,2023-05-16,Cash,378564436156771,Azteka,3830.0
134,2,4,2023-06-14,2023-01-07,Debit Card,3580716065242599,Banamex,4091.0
135,3,2,2023-08-21,2023-04-03,Debit Card,30317437901277,Banamex,3725.0
136,4,9,2023-05-18,2023-01-19,Debit Card,349917785126850,Azteka,1109.0
137,8,5,2023-02-12,2023-03-13,Debit Card,4212167162426,Santander,3566.0
138,10,8,2023-04-13,2023-02-09,Debit Card,4254890891437609,Azteka,342.0
139,10,5,2023-05-11,2023-01-13,Cash,4204205942631285,Azteka,3380.0
140,7,1,2023-05-10,2023-03-12,Cash,639083686670,Banamex,928.0
141,2,7,2023-01-20,2023-01-19,Cash,180037820479776,Banamex,1040.0
142,10,3,2023-07-29,2023-02-22,Cash,3596677839031803,BBVA,3993.0
143,10,5,2023-01-27,2023-03-10,Cash,6529659706279199,Santander,2165.0
144,6,1,2023-03-04,2023-02-26,Cash,6011188702988442,Banamex,2903.0
145,2,9,2023-08-03,2023-02-22,Cash,4423051775653367,BBVA,3196.0
146,7,2,2023-06-30,2023-05-08,Debit Card,6011813993613553,BBVA,1092.0
147,4,4,2023-07-14,2023-08-25,Debit Card,4246137883548873,Banamex,1507.0
148,10,9,2023-02-21,2023-06-13,Debit Card,4113174694786061,Azteka,1937.0
149,7,4,2023-06-25,2023-06-09,Debit Card,3513310630522255,Azteka,2691.0
150,4,4,2023-07-22,2023-01-05,Debit Card,3556773463273403,Azteka,4823.0
151,9,3,2023-03-01,2023-07-07,Cash,4899450260448413,Santander,1070.0
152,7,10,2023-01-31,2023-07-29,Debit Card,4775634946753,Azteka,3174.0
153,6,7,2023-06-22,2023-02-12,Debit Card,6586322731798895,Santander,3866.0
154,3,8,2023-05-10,2023-03-15,Cash,371461930125856,BBVA,2444.0
155,7,8,2023-06-17,2023-06-17,Debit Card,6521042434263850,BBVA,4489.0
156,1,1,2023-02-01,2023-08-08,Cash,30239339089854,Azteka,183.0
157,2,10,2023-06-27,2023-02-25,Cash,4319605186503176865,Banamex,3979.0
158,9,4,2023-07-12,2023-05-09,Cash,4323844044124579,BBVA,4856.0
159,2,5,2023-01-11,2023-02-15,Cash,180080079891630,Santander,2703.0
160,4,2,2023-06-26,2023-07-13,Cash,180053175324947,Santander,2287.0
161,5,9,2023-04-30,2023-08-02,Debit Card,3529476840562969,Santander,4347.0
162,3,7,2023-05-12,2023-03-14,Debit Card,4332362249913447072,Santander,3439.0
163,3,4,2023-07-10,2023-02-06,Debit Card,4700475407210,Banamex,1239.0
164,8,8,2023-08-10,2023-05-08,Debit Card,30392097431758,Banamex,3487.0
165,5,1,2023-04-22,2023-01-19,Debit Card,180032181145744,BBVA,2896.0
166,3,3,2023-08-19,2023-01-12,Cash,4140799180641,BBVA,852.0
167,8,8,2023-02-08,2023-08-22,Debit Card,2286440782098460,Azteka,4224.0
168,9,2,2023-04-29,2023-03-02,Debit Card,180094130919009,Azteka,2549.0
169,2,4,2023-01-22,2023-01-24,Debit Card,4961830242210840016,Santander,237.0
170,1,5,2023-03-19,2023-05-09,Cash,3536787064841058,Banamex,3467.0
171,5,7,2023-08-05,2023-06-21,Debit Card,4245736332578471,Santander,1202.0
172,2,3,2023-02-13,2023-08-16,Debit Card,4128828983553713,BBVA,1577.0
173,10,4,2023-07-17,2023-08-02,Cash,4648637147523,Banamex,1092.0
174,3,6,2023-03-31,2023-08-16,Cash,4801785495532573,Banamex,110.0
175,4,10,2023-06-09,2023-02-26,Cash,4108730884459566,Santander,4381.0
176,7,1,2023-05-13,2023-03-18,Cash,3560807919835995,Banamex,2162.0
177,2,5,2023-06-17,2023-01-09,Debit Card,213159160953326,Banamex,754.0
178,7,4,2023-06-06,2023-08-26,Debit Card,180004783879863,BBVA,2174.0
179,6,10,2023-04-14,2023-05-24,Cash,3561628136791632,Banamex,1767.0
180,4,6,2023-02-22,2023-04-04,Debit Card,3519933272066937,BBVA,1972.0
181,4,3,2023-04-24,2023-08-15,Cash,3571634049558694,Santander,729.0
182,5,3,2023-05-27,2023-06-15,Cash,38408967994451,Banamex,2604.0
183,2,2,2023-08-22,2023-07-01,Cash,4994078771903412,Santander,3217.0
184,8,4,2023-01-10,2023-04-14,Cash,501820279096,Azteka,721.0
185,10,9,2023-04-18,2023-04-22,Cash,30554028378834,BBVA,1900.0
186,4,8,2023-01-06,2023-06-30,Cash,30010980402419,BBVA,1237.0
187,7,10,2023-08-06,2023-05-10,Cash,4756139011419034826,Azteka,3735.0
188,9,7,2023-02-02,2023-03-22,Debit Card,4889653296313996,Banamex,3915.0
189,8,4,2023-01-27,2023-05-22,Debit Card,4734643437919543,Santander,2784.0
190,3,9,2023-06-11,2023-04-26,Debit Card,4226576019661501461,Banamex,633.0
191,9,6,2023-01-30,2023-01-06,Cash,4480716921754,BBVA,3365.0
192,5,5,2023-08-02,2023-04-03,Cash,2283080143271365,Azteka,4392.0
193,9,8,2023-01-24,2023-08-12,Cash,347209397972190,BBVA,1364.0
194,8,4,2023-07-26,2023-04-26,Debit Card,3526629991375689,Azteka,1214.0
195,10,2,2023-08-21,2023-08-03,Debit Card,213107455499786,Banamex,4890.0
196,1,8,2023-08-16,2023-06-07,Cash,4488048846208157,Azteka,3776.0
197,10,3,2023-05-27,2023-05-31,Cash,3586959349385776,Santander,2518.0
198,9,1,2023-03-08,2023-01-27,Debit Card,6011428001064978,Banamex,1496.0
199,7,8,2023-01-29,2023-05-09,Cash,213118294059665,Azteka,1865.0
200,10,10,2023-07-14,2023-03-13,Cash,3535104989310857,BBVA,3874.0
201,3,2,2023-06-11,2023-07-15,Cash,30058102852730,Azteka,2936.0
202,7,6,2023-05-28,2023-06-23,Debit Card,4205596171646,BBVA,4310.0
203,2,1,2023-01-20,2023-07-22,Debit Card,2232034295045145,BBVA,1330.0
204,3,2,2023-03-21,2023-02-09,Debit Card,180026006742404,Azteka,1281.0
205,6,1,2023-01-02,2023-07-14,Cash,6011285678860660,Santander,1011.0
206,6,7,2023-01-23,2023-08-12,Debit Card,4977333136236055708,BBVA,3058.0
207,9,7,2023-04-22,2023-06-30,Debit Card,180042037559600,BBVA,4743.0
208,5,4,2023-05-06,2023-07-09,Cash,213127850100680,Santander,3181.0
209,2,9,2023-02-03,2023-03-13,Cash,4856699112931643,Banamex,4440.0
210,2,7,2023-08-06,2023-02-18,Debit Card,562932714032,Santander,3393.0
211,9,2,2023-06-14,2023-06-04,Debit Card,3530729472775144,Santander,278.0
212,4,3,2023-08-10,2023-03-06,Debit Card,342509641316648,Santander,4796.0
213,4,6,2023-01-10,2023-04-25,Debit Card,36451606631862,Banamex,125.0
214,8,2,2023-04-24,2023-06-20,Cash,30201438703058,BBVA,4158.0
215,10,6,2023-03-14,2023-03-11,Cash,377573214206667,Azteka,4468.0
216,4,6,2023-03-11,2023-02-03,Debit Card,2299585784038677,Azteka,1452.0
217,7,9,2023-06-02,2023-05-12,Cash,3531659122417178,Banamex,1397.0
218,8,10,2023-08-16,2023-02-23,Debit Card,3569629885553464,Santander,1117.0
219,10,2,2023-01-22,2023-05-22,Debit Card,180036544624386,Banamex,1542.0
220,6,10,2023-04-23,2023-01-20,Cash,3554209023220222,BBVA,1601.0
221,8,2,2023-01-20,2023-06-24,Cash,3565611565387128,Santander,4040.0
222,3,6,2023-03-26,2023-07-11,Debit Card,36033731962758,Azteka,1230.0
223,8,4,2023-04-26,2023-03-28,Cash,346018846808595,Banamex,555.0
224,5,1,2023-06-10,2023-03-29,Cash,4615520857687038,Santander,4853.0
225,8,5,2023-05-19,2023-02-04,Debit Card,2414002692958087,Santander,4485.0
226,6,2,2023-07-01,2023-06-01,Cash,4775685375288647,Banamex,1288.0
227,3,6,2023-06-30,2023-08-04,Debit Card,4807386130525579,Banamex,651.0
228,9,4,2023-03-03,2023-02-14,Cash,4788555768107347,BBVA,1692.0
229,1,4,2023-02-20,2023-08-03,Debit Card,2223977123631588,Azteka,1120.0
230,2,10,2023-08-04,2023-07-26,Cash,30247011128767,Santander,2098.0
231,8,5,2023-06-19,2023-01-31,Debit Card,2277537269598366,Banamex,3923.0
232,5,5,2023-05-15,2023-06-15,Debit Card,180034810628595,Banamex,620.0
233,8,7,2023-08-24,2023-07-31,Cash,4764227843141315,Azteka,4627.0
234,3,7,2023-02-02,2023-01-28,Debit Card,676237857062,Banamex,3533.0
235,5,6,2023-04-29,2023-03-21,Cash,4352070730198,BBVA,2913.0
236,5,7,2023-07-26,2023-01-08,Debit Card,630431450158,Azteka,1336.0
237,10,8,2023-07-23,2023-07-16,Cash,30268815485336,Azteka,2362.0
238,10,7,2023-08-18,2023-01-31,Cash,3566653013272626,Azteka,4052.0
239,4,6,2023-05-31,2023-03-03,Debit Card,4070983652591961,BBVA,712.0
240,7,3,2023-07-03,2023-05-08,Cash,4690766492247,Azteka,2745.0
241,4,9,2023-07-09,2023-01-20,Cash,3595367213598038,Banamex,3666.0
242,1,6,2023-04-01,2023-01-06,Debit Card,5541188480077096,BBVA,361.0
243,8,1,2023-03-18,2023-05-28,Debit Card,30271817380547,BBVA,2153.0
244,3,2,2023-05-16,2023-02-03,Debit Card,2294558928921947,BBVA,1352.0
245,6,2,2023-08-13,2023-06-21,Cash,378010249557342,Azteka,1118.0
246,9,10,2023-07-08,2023-04-07,Debit Card,38622517178049,Azteka,3568.0
247,9,1,2023-03-13,2023-04-03,Debit Card,4874315307445913,Azteka,3722.0
248,6,5,2023-08-07,2023-06-10,Cash,30367707287147,Banamex,3484.0
249,3,3,2023-01-17,2023-05-25,Cash,6567163700456146,BBVA,3820.0
250,8,3,2023-07-13,2023-05-10,Cash,4788621210339456,Azteka,4792.0
251,2,1,2023-03-10,2023-08-03,Debit Card,3586983585497111,BBVA,4583.0
252,3,3,2023-01-05,2023-03-12,Debit Card,4265054382143,Banamex,1526.0
253,1,9,2023-03-18,2023-07-04,Debit Card,3576962164132713,Banamex,1420.0
254,1,8,2023-07-27,2023-04-21,Cash,4388376908862137507,BBVA,3014.0
255,4,3,2023-05-14,2023-03-24,Debit Card,630414793111,BBVA,4010.0
256,10,10,2023-04-17,2023-07-17,Cash,30099660469947,Azteka,3509.0
257,6,2,2023-05-30,2023-02-06,Cash,3514883209485632,BBVA,3471.0
258,2,2,2023-01-05,2023-01-08,Debit Card,503801717755,BBVA,3316.0
259,1,9,2023-07-12,2023-01-07,Debit Card,5190711760716457,Santander,2924.0
260,3,1,2023-06-05,2023-01-19,Cash,180085732770725,Santander,4442.0
261,4,2,2023-01-28,2023-06-23,Cash,180020192775195,BBVA,3510.0
262,10,9,2023-01-22,2023-05-12,Cash,376280565249665,BBVA,4939.0
263,4,2,2023-04-02,2023-02-16,Debit Card,2553759319215081,BBVA,4243.0
264,2,8,2023-07-14,2023-07-04,Debit Card,4253125408492284746,Santander,4353.0
265,8,8,2023-02-19,2023-02-21,Debit Card,343248392722220,Banamex,4821.0
266,1,2,2023-03-09,2023-04-24,Cash,3502486367734413,Banamex,2811.0
267,2,6,2023-02-20,2023-04-01,Debit Card,4355239776712025,Banamex,4504.0
268,8,9,2023-08-13,2023-06-07,Cash,30107232840634,BBVA,4995.0
269,1,3,2023-08-17,2023-07-17,Cash,3564205864302226,Banamex,4813.0
270,3,9,2023-08-07,2023-06-19,Debit Card,2294156589849109,Santander,2865.0
271,5,8,2023-08-02,2023-03-21,Cash,3595334405375187,Santander,1545.0
272,1,10,2023-08-21,2023-08-02,Debit Card,4044824151004481,BBVA,4971.0
273,5,4,2023-03-31,2023-01-29,Debit Card,180053959633356,Banamex,1344.0
274,9,2,2023-05-11,2023-04-08,Cash,3503083588731622,Banamex,4121.0
275,10,2,2023-04-26,2023-05-02,Debit Card,3579209257215253,Santander,1935.0
276,8,9,2023-04-28,2023-08-23,Debit Card,4810273932781474,Azteka,4052.0
277,6,2,2023-04-23,2023-06-06,Debit Card,4883842108452276288,Santander,1879.0
278,10,2,2023-05-26,2023-02-21,Debit Card,4284799675984,BBVA,976.0
279,7,5,2023-02-13,2023-02-13,Cash,4884032038872,Azteka,2401.0
280,5,10,2023-06-05,2023-06-30,Cash,36130110380378,Santander,1185.0
281,2,7,2023-07-24,2023-07-14,Debit Card,2230905430405868,Banamex,1636.0
282,7,4,2023-01-20,2023-03-16,Debit Card,6011537462973756,Santander,4912.0
283,8,5,2023-01-08,2023-01-06,Debit Card,373126403581236,Banamex,1028.0
284,10,6,2023-03-03,2023-08-26,Cash,3598055253895144,Santander,2608.0
285,3,9,2023-04-05,2023-08-19,Debit Card,30474478870349,BBVA,240.0
286,2,1,2023-08-10,2023-01-04,Debit Card,373975682766284,Banamex,4336.0
287,1,5,2023-01-11,2023-02-19,Cash,3502575442126288,Azteka,1706.0
288,8,9,2023-08-14,2023-03-19,Cash,3572622471897234,Santander,1346.0
289,10,6,2023-02-15,2023-06-30,Debit Card,342204272302246,Azteka,3494.0
290,4,1,2023-02-21,2023-07-20,Cash,3543366680699918,Santander,4611.0
291,4,8,2023-06-28,2023-03-25,Debit Card,3596804896550562,Azteka,4253.0
292,6,4,2023-08-26,2023-03-16,Cash,676243522783,Azteka,408.0
293,4,8,2023-07-23,2023-02-28,Cash,6011157608021210,BBVA,1966.0
294,4,8,2023-06-20,2023-07-11,Debit Card,4508744161696176,Santander,1280.0
295,8,4,2023-01-22,2023-04-16,Cash,343440903155574,Banamex,2278.0
296,8,1,2023-01-23,2023-04-27,Debit Card,675980138621,Santander,2275.0
297,10,1,2023-08-14,2023-04-11,Cash,30220655130472,Azteka,3203.0
298,3,9,2023-01-22,2023-08-20,Cash,373920287160145,Santander,551.0
299,6,8,2023-07-07,2023-05-01,Cash,30257617635073,Banamex,2428.0
300,1,8,2023-02-15,2023-02-01,Debit Card,4672687813801604974,Azteka,911.0
301,7,3,2023-08-08,2023-03-29,Debit Card,630477978567,Banamex,4839.0
302,9,7,2023-07-09,2023-08-22,Debit Card,30326743170923,Santander,718.0
303,6,6,2023-02-19,2023-04-06,Debit Card,502095141474,Santander,3308.0
304,6,10,2023-05-27,2023-06-16,Debit Card,639002738339,BBVA,220.0
305,7,9,2023-08-19,2023-03-20,Debit Card,3585021524417345,BBVA,3888.0
306,10,3,2023-07-01,2023-06-02,Cash,587843051547,BBVA,2250.0
307,3,2,2023-04-29,2023-07-16,Debit Card,4019610855153,Azteka,3441.0
308,8,8,2023-05-02,2023-01-10,Debit Card,180040408813416,Santander,887.0
309,7,10,2023-05-08,2023-05-29,Debit Card,4716821222107936,Banamex,2993.0
310,10,2,2023-08-21,2023-05-13,Debit Card,501884260289,Santander,3827.0
311,8,2,2023-05-05,2023-06-24,Cash,3507291086538656,Banamex,346.0
312,7,9,2023-07-17,2023-05-04,Cash,4747164186910703,Azteka,151.0
313,9,6,2023-08-12,2023-04-12,Debit Card,5466805978756888,BBVA,184.0
314,10,8,2023-04-09,2023-08-23,Debit Card,4076992164364,Santander,4146.0
315,9,10,2023-05-12,2023-08-05,Debit Card,4852248625000324,BBVA,265.0
316,7,2,2023-08-26,2023-07-15,Debit Card,4698178479710,Azteka,4946.0
317,6,7,2023-06-26,2023-06-30,Debit Card,3501190379855155,BBVA,1489.0
318,4,10,2023-05-25,2023-06-29,Cash,6011635075936036,Azteka,899.0
319,2,2,2023-02-27,2023-02-10,Cash,4928465554515,Azteka,1104.0
320,5,7,2023-03-06,2023-07-06,Debit Card,378003797997358,Azteka,687.0
321,2,5,2023-01-29,2023-01-24,Debit Card,6507862630942439,BBVA,1261.0
322,3,10,2023-02-19,2023-01-14,Debit Card,180070560864097,BBVA,4167.0
323,1,4,2023-07-20,2023-02-19,Debit Card,4948064057004833,Santander,3408.0
324,2,4,2023-07-08,2023-05-28,Debit Card,4689413170144773,Azteka,1356.0
325,6,7,2023-02-09,2023-07-29,Debit Card,6011697511501451,Azteka,2713.0
326,5,5,2023-05-18,2023-01-05,Debit Card,3556078789222492,Azteka,2699.0
327,3,1,2023-06-16,2023-01-04,Debit Card,676387132514,Banamex,2567.0
328,2,5,2023-08-07,2023-07-28,Debit Card,38504685934884,Banamex,2399.0
329,6,6,2023-05-20,2023-05-05,Cash,676243150445,Banamex,1704.0
330,3,10,2023-06-06,2023-08-01,Cash,3584186204116706,BBVA,2607.0
331,1,7,2023-03-14,2023-06-19,Cash,344710580476389,Banamex,4622.0
332,1,8,2023-07-17,2023-04-22,Cash,6011370217679183,Santander,2807.0
333,2,1,2023-07-17,2023-08-05,Cash,213120677518358,Azteka,885.0
334,8,7,2023-02-28,2023-08-24,Cash,30042858594191,Azteka,3600.0
335,4,7,2023-05-16,2023-01-16,Debit Card,4150465332281570,Azteka,2685.0
336,4,9,2023-06-26,2023-01-27,Debit Card,213159665714264,Santander,2685.0
337,7,10,2023-02-11,2023-01-22,Debit Card,3519443100487990,BBVA,1812.0
338,2,10,2023-04-23,2023-04-30,Debit Card,501849136541,Santander,1609.0
339,7,9,2023-02-26,2023-08-10,Debit Card,4341613261036495,Santander,2749.0
340,4,5,2023-05-03,2023-01-10,Debit Card,36620130178752,Santander,2682.0
341,3,2,2023-01-24,2023-06-07,Cash,30495584336008,Banamex,4833.0
342,8,6,2023-05-26,2023-05-12,Debit Card,5519782841186774,Azteka,1463.0
343,5,8,2023-06-18,2023-02-05,Cash,6553768957571235,Banamex,3475.0
344,7,2,2023-06-24,2023-08-02,Debit Card,30105170220124,Banamex,340.0
345,3,5,2023-04-14,2023-07-23,Cash,586961038666,Banamex,2243.0
346,8,6,2023-01-14,2023-03-23,Cash,6011983293974474,Azteka,4022.0
347,1,4,2023-03-17,2023-03-24,Debit Card,2251270999206759,Azteka,3116.0
348,8,5,2023-08-25,2023-06-29,Debit Card,6539221015671471,Azteka,4635.0
349,5,8,2023-06-07,2023-05-07,Cash,4962536922633902858,BBVA,4431.0
350,5,1,2023-01-04,2023-05-09,Cash,379670614723404,BBVA,448.0
351,2,1,2023-04-15,2023-07-02,Cash,4930607022957996,Banamex,4679.0
352,10,8,2023-07-15,2023-03-05,Debit Card,4175285505877,Banamex,3844.0
353,7,4,2023-02-26,2023-08-17,Debit Card,370882338708152,Santander,937.0
354,8,6,2023-04-29,2023-03-17,Debit Card,2259767725315558,Banamex,1006.0
355,1,10,2023-02-05,2023-05-07,Debit Card,3592413171328753,Santander,3877.0
356,8,6,2023-02-08,2023-03-10,Cash,3595410413053154,Azteka,1157.0
357,8,10,2023-02-11,2023-01-04,Debit Card,4347008562044,BBVA,3150.0
358,1,10,2023-08-03,2023-07-22,Debit Card,6011184554701694,BBVA,1471.0
359,1,7,2023-08-24,2023-07-03,Cash,4484487304679,BBVA,3085.0
360,7,6,2023-06-09,2023-02-03,Debit Card,375839986033452,Azteka,2480.0
361,6,6,2023-08-03,2023-05-07,Cash,3549434026802549,Banamex,1814.0
362,7,6,2023-06-12,2023-04-25,Debit Card,4211286249227721,Azteka,2244.0
363,10,5,2023-05-22,2023-08-03,Debit Card,370064889683551,BBVA,702.0
364,1,9,2023-06-05,2023-02-26,Cash,3537171024077054,Santander,541.0
365,10,6,2023-03-05,2023-07-11,Cash,2714388716332483,Banamex,2220.0
366,9,7,2023-04-29,2023-01-10,Debit Card,4827456999253260,Azteka,2099.0
367,3,8,2023-03-06,2023-02-12,Debit Card,639030162700,Santander,1305.0
368,9,6,2023-07-24,2023-02-28,Debit Card,2720418063066772,Santander,1917.0
369,5,6,2023-05-22,2023-03-04,Debit Card,4150392717334720186,Azteka,2225.0
370,7,1,2023-04-22,2023-06-16,Debit Card,6011576824316783,Santander,3336.0
371,10,2,2023-06-25,2023-04-26,Debit Card,6545784926259340,Santander,1671.0
372,1,8,2023-07-31,2023-03-16,Debit Card,6011111364896729,Santander,592.0
373,6,3,2023-07-28,2023-06-23,Debit Card,4389805368750720,Azteka,3977.0
374,4,10,2023-06-21,2023-08-15,Debit Card,180049691279425,Azteka,4481.0
375,3,3,2023-01-17,2023-01-13,Debit Card,5279771010301884,Azteka,3680.0
376,6,8,2023-05-19,2023-05-12,Debit Card,4173924625740968,BBVA,624.0
377,4,4,2023-06-22,2023-04-29,Debit Card,2297108193176954,BBVA,3130.0
378,4,4,2023-06-02,2023-05-10,Cash,2716389293294474,BBVA,877.0
379,7,10,2023-04-07,2023-05-13,Cash,6597781458779213,BBVA,1261.0
380,10,7,2023-03-14,2023-04-12,Debit Card,213131675835298,BBVA,2978.0
381,1,1,2023-01-05,2023-06-13,Debit Card,379465626013740,Santander,197.0
382,5,5,2023-01-31,2023-04-08,Cash,4562628979362391353,Banamex,3918.0
383,2,9,2023-05-03,2023-07-20,Cash,676140858868,BBVA,3987.0
384,8,3,2023-04-11,2023-04-20,Cash,30065208175387,BBVA,542.0
385,1,7,2023-07-10,2023-05-10,Cash,4544980735123,BBVA,806.0
386,2,5,2023-06-09,2023-03-17,Cash,376124250326315,Azteka,557.0
387,7,8,2023-01-16,2023-04-30,Debit Card,3587259261168386,Banamex,4988.0
388,6,8,2023-08-13,2023-05-20,Cash,2701140146047636,BBVA,1650.0
389,2,5,2023-08-14,2023-07-13,Debit Card,213158588065366,Azteka,103.0
390,2,6,2023-04-21,2023-03-21,Debit Card,4020825180815662,BBVA,557.0
391,6,8,2023-02-17,2023-06-13,Debit Card,4646453066325898,BBVA,3090.0
392,5,10,2023-06-03,2023-06-30,Cash,4645004170948,Banamex,825.0
393,8,9,2023-04-15,2023-05-20,Cash,569831086586,Banamex,2358.0
394,9,9,2023-06-09,2023-04-08,Cash,3573060140279097,Santander,3924.0
395,7,6,2023-01-11,2023-02-14,Debit Card,4075110928528,Azteka,925.0
396,5,4,2023-06-08,2023-04-10,Debit Card,676389852770,Banamex,3114.0
397,4,6,2023-03-05,2023-08-13,Cash,3561453966421204,Azteka,4025.0
398,6,3,2023-05-25,2023-08-09,Cash,3567166121586489,Santander,4172.0
399,4,8,2023-01-18,2023-08-15,Debit Card,4176541403203948761,Santander,4434.0
400,8,1,2023-07-17,2023-06-21,Debit Card,6011515574887551,BBVA,3482.0
401,8,7,2023-02-07,2023-06-27,Debit Card,4660927677630,Banamex,3540.0
402,8,8,2023-06-26,2023-06-18,Cash,4172432059207720340,BBVA,2470.0
403,4,10,2023-06-14,2023-07-01,Debit Card,3581648572144183,BBVA,4889.0
404,1,4,2023-01-25,2023-06-17,Cash,30241886908627,BBVA,2478.0
405,5,8,2023-06-23,2023-08-09,Cash,4186052202156099162,BBVA,4230.0
406,7,1,2023-04-28,2023-02-06,Cash,4903796565720,Azteka,2024.0
407,9,4,2023-04-25,2023-04-05,Debit Card,501894893772,Banamex,1532.0
408,6,10,2023-01-21,2023-07-26,Cash,4157915941947394,Banamex,1452.0
409,2,5,2023-04-27,2023-06-25,Cash,4574163474885492,Banamex,2535.0
410,4,5,2023-05-03,2023-02-21,Cash,2370244668699509,Santander,3663.0
411,8,2,2023-05-15,2023-04-06,Debit Card,4800208831569671,BBVA,2169.0
412,8,2,2023-06-20,2023-06-03,Debit Card,213105992453845,Santander,748.0
413,3,5,2023-05-06,2023-07-07,Cash,4299991339056,Banamex,3227.0
414,7,1,2023-07-16,2023-07-01,Debit Card,2294856949935650,BBVA,4807.0
415,8,7,2023-01-07,2023-03-23,Debit Card,3592207384205463,Banamex,3140.0
416,6,4,2023-05-19,2023-08-20,Cash,213197324810206,BBVA,691.0
417,2,3,2023-08-04,2023-07-22,Cash,3533927430283063,Santander,2550.0
418,8,8,2023-01-01,2023-02-24,Cash,3551243691827144,Azteka,2860.0
419,10,10,2023-06-10,2023-06-09,Debit Card,4777634423301398472,Azteka,4645.0
420,8,10,2023-07-28,2023-04-23,Debit Card,4697400217070,BBVA,1899.0
421,4,5,2023-05-06,2023-01-16,Debit Card,3584719824932936,Azteka,1884.0
422,10,5,2023-07-10,2023-03-03,Cash,4526066588210412875,Santander,90.0
423,8,6,2023-08-12,2023-04-06,Debit Card,6011766924620545,BBVA,1057.0
424,7,6,2023-02-16,2023-04-10,Cash,30319597443371,Azteka,3236.0
425,1,7,2023-07-27,2023-03-10,Debit Card,4046798954128,Azteka,2597.0
426,8,4,2023-03-19,2023-05-15,Debit Card,4048258204001961418,Banamex,3407.0
427,10,10,2023-04-06,2023-08-03,Cash,213101091857747,Azteka,2674.0
428,9,1,2023-07-29,2023-07-18,Cash,4031323568201485353,BBVA,2715.0
429,5,5,2023-02-15,2023-07-17,Cash,30080563499009,Azteka,709.0
430,8,2,2023-08-06,2023-02-21,Debit Card,2720552279985670,Banamex,483.0
431,10,5,2023-01-01,2023-02-22,Cash,5257379466446850,Banamex,4292.0
432,7,10,2023-01-19,2023-06-15,Cash,180075818404786,Banamex,4739.0
433,7,2,2023-05-15,2023-06-10,Debit Card,4799484364861065,Santander,4704.0
434,6,4,2023-08-07,2023-01-25,Debit Card,38483643594959,Azteka,3884.0
435,7,2,2023-03-03,2023-02-13,Cash,30507900625771,Santander,2663.0
436,10,7,2023-06-19,2023-07-30,Cash,572951962263,Santander,1407.0
437,7,1,2023-04-02,2023-07-23,Debit Card,180058051655413,Banamex,3377.0
438,7,5,2023-05-19,2023-08-21,Cash,567600875197,Azteka,2168.0
439,6,10,2023-03-01,2023-02-20,Cash,30319665893671,BBVA,3164.0
440,8,1,2023-01-05,2023-01-21,Debit Card,38687995591344,Santander,3510.0
441,6,2,2023-02-18,2023-05-14,Cash,3580419213349834,BBVA,4143.0
442,7,8,2023-07-07,2023-03-09,Debit Card,4110235420026,Banamex,4823.0
443,7,10,2023-08-01,2023-03-16,Cash,3529586055420123,Azteka,1503.0
444,3,9,2023-04-28,2023-01-24,Debit Card,3514076327667526,BBVA,4359.0
445,10,4,2023-02-26,2023-03-05,Cash,4752274564679267,Banamex,3869.0
446,10,10,2023-04-23,2023-01-13,Debit Card,4996588557499617276,Santander,2497.0
447,4,2,2023-01-04,2023-04-26,Cash,4310248066040756274,Santander,1329.0
448,7,7,2023-07-30,2023-08-04,Cash,060409376351,Banamex,2319.0
449,5,6,2023-03-22,2023-04-11,Debit Card,30078693971111,Banamex,2656.0
450,2,8,2023-04-28,2023-05-10,Cash,213169482672132,BBVA,3173.0
451,3,7,2023-05-04,2023-02-22,Cash,4495821652193,BBVA,727.0
452,9,7,2023-07-11,2023-01-21,Cash,4088997317111,Azteka,3838.0
453,1,2,2023-08-05,2023-03-04,Debit Card,4515611476835781770,Azteka,3920.0
454,9,8,2023-08-24,2023-03-28,Cash,6553137656036108,Azteka,4100.0
455,2,1,2023-07-25,2023-04-25,Cash,4485520017738496,BBVA,4657.0
456,2,7,2023-03-29,2023-05-23,Cash,4044324107093183,Santander,1991.0
457,5,10,2023-01-29,2023-04-14,Debit Card,180060242790877,Azteka,3631.0
458,9,8,2023-05-30,2023-03-27,Cash,3591652952461546,Santander,4039.0
459,6,5,2023-07-06,2023-01-29,Debit Card,4269855284882425,Azteka,3232.0
460,4,3,2023-08-09,2023-04-27,Cash,676162094285,Santander,3608.0
461,9,4,2023-03-26,2023-05-31,Cash,4078840778510,BBVA,4851.0
462,1,3,2023-08-15,2023-06-27,Debit Card,2720208486073889,Banamex,2589.0
463,10,8,2023-06-23,2023-01-23,Debit Card,377203466873549,Banamex,1722.0
464,4,6,2023-03-15,2023-06-22,Cash,2230758980454962,Santander,3658.0
465,8,2,2023-07-28,2023-06-09,Debit Card,4206517511279769,BBVA,2122.0
466,3,9,2023-03-06,2023-06-09,Cash,30448701859006,Azteka,1006.0
467,8,3,2023-02-09,2023-08-18,Debit Card,3597218685187883,Azteka,2241.0
468,6,1,2023-01-15,2023-04-28,Cash,213183231192599,BBVA,1213.0
469,10,9,2023-03-22,2023-01-08,Debit Card,4492258692019103,BBVA,4603.0
470,7,1,2023-01-27,2023-04-08,Cash,2221901763737424,Banamex,252.0
471,4,8,2023-01-15,2023-08-03,Debit Card,2412290694596243,BBVA,4679.0
472,9,1,2023-04-28,2023-03-23,Debit Card,3519357487744825,Azteka,91.0
473,3,9,2023-07-18,2023-01-29,Cash,6578148930662453,BBVA,4911.0
474,2,10,2023-04-11,2023-03-04,Debit Card,4403772931419773,Azteka,1087.0
475,8,4,2023-04-26,2023-01-01,Debit Card,3551694660015147,Azteka,270.0
476,6,8,2023-07-17,2023-04-06,Cash,676281755048,Azteka,4530.0
477,5,1,2023-03-14,2023-02-04,Debit Card,4308079872472,Santander,3548.0
478,9,5,2023-08-04,2023-01-19,Cash,180093942937423,Santander,1084.0
479,8,2,2023-01-05,2023-03-29,Debit Card,4251237737144440572,Azteka,3136.0
480,10,5,2023-06-14,2023-06-02,Debit Card,2720612643142414,Santander,2927.0
481,10,1,2023-05-15,2023-07-18,Debit Card,4655670372839100,Banamex,2754.0
482,7,5,2023-05-24,2023-06-03,Debit Card,346403506506087,Santander,4310.0
483,6,7,2023-06-27,2023-07-27,Cash,2659090555224709,Banamex,926.0
484,4,4,2023-07-13,2023-06-04,Cash,4951132364605230,Azteka,387.0
485,8,3,2023-08-08,2023-03-02,Cash,6011503553531150,Azteka,1811.0
486,10,9,2023-01-28,2023-02-02,Cash,4516676739663884,Azteka,3439.0
487,4,5,2023-03-24,2023-03-09,Debit Card,3550842855450774,BBVA,1430.0
488,6,3,2023-02-11,2023-05-27,Cash,3585556642780629,Santander,692.0
489,5,10,2023-03-11,2023-08-14,Cash,3533833675775104,Azteka,973.0
490,1,1,2023-05-29,2023-06-03,Debit Card,3511471636991316,Banamex,1887.0
491,5,5,2023-01-13,2023-01-03,Cash,2351449815861315,Santander,1154.0
492,8,1,2023-02-05,2023-07-29,Debit Card,6011589393980574,BBVA,701.0
493,6,1,2023-03-05,2023-06-04,Cash,4098655895375356,Azteka,4598.0
494,8,4,2023-04-22,2023-03-17,Debit Card,503808706868,BBVA,3719.0
495,1,3,2023-05-10,2023-08-02,Debit Card,4902463291602,Azteka,3753.0
496,6,10,2023-06-09,2023-03-19,Cash,348069878938816,Banamex,737.0
497,2,6,2023-05-03,2023-03-12,Debit Card,3516429461446181,Banamex,3842.0
498,1,2,2023-01-31,2023-06-30,Debit Card,4120204743507815158,BBVA,1611.0
499,4,6,2023-06-08,2023-05-30,Debit Card,6011884667289517,Santander,4846.0
500,5,10,2023-05-11,2023-06-15,Debit Card,30079726240540,Banamex,4224.0
501,6,7,2023-01-18,2023-06-16,Debit Card,2608494443465924,Santander,1814.0
502,9,5,2023-06-25,2023-03-29,Debit Card,3591629256689550,BBVA,2793.0
503,10,3,2023-03-27,2023-02-06,Cash,344670007599686,Banamex,1927.0
504,5,9,2023-04-24,2023-02-22,Cash,3580668934784923,Azteka,1418.0
505,9,6,2023-07-13,2023-05-28,Cash,4538101098066821,Santander,2874.0
506,6,5,2023-06-29,2023-08-10,Debit Card,213192040083253,BBVA,3239.0
507,2,10,2023-04-21,2023-05-05,Debit Card,676347274554,Azteka,2902.0
508,2,4,2023-07-18,2023-05-08,Cash,563332793238,Santander,3032.0
509,10,6,2023-06-28,2023-05-28,Cash,4180633175431545,BBVA,2967.0
510,4,4,2023-05-09,2023-05-07,Cash,30348711092087,BBVA,3730.0
511,10,4,2023-04-29,2023-02-12,Debit Card,4443492882518687,Santander,1895.0
512,10,5,2023-02-20,2023-05-08,Debit Card,180094019716740,Azteka,3912.0
513,5,5,2023-01-06,2023-07-13,Cash,213147584954236,Banamex,1433.0
514,10,1,2023-07-15,2023-06-18,Cash,6011384004438497,Santander,4283.0
515,4,9,2023-02-11,2023-06-03,Debit Card,4529935892053,BBVA,4962.0
516,8,8,2023-07-04,2023-03-12,Debit Card,213176306731044,BBVA,4771.0
517,3,5,2023-02-16,2023-03-21,Cash,502081643160,BBVA,4788.0
518,5,5,2023-03-08,2023-04-03,Debit Card,4449767624298886,Santander,4081.0
519,7,3,2023-06-28,2023-07-09,Debit Card,4274784049059470,Azteka,699.0
520,6,1,2023-07-19,2023-03-17,Debit Card,580639342568,Banamex,4554.0
521,5,7,2023-07-22,2023-06-27,Debit Card,4657599962787,Banamex,4059.0
522,6,10,2023-03-25,2023-06-16,Cash,6514628725643740,BBVA,4825.0
523,4,3,2023-01-23,2023-03-21,Debit Card,4757545770570377581,BBVA,1798.0
524,10,10,2023-03-09,2023-05-25,Debit Card,4239927569764,Santander,121.0
525,2,4,2023-04-25,2023-06-15,Cash,4007124438138821,Santander,3353.0
526,3,1,2023-05-09,2023-07-15,Debit Card,4086455347791696,BBVA,2725.0
527,1,2,2023-08-12,2023-06-30,Cash,4485626516792,Santander,983.0
528,8,9,2023-03-04,2023-04-24,Debit Card,501899053620,BBVA,4670.0
529,10,5,2023-04-28,2023-06-27,Cash,4842044746791,Azteka,3248.0
530,5,6,2023-02-19,2023-05-12,Cash,3550090006769128,Azteka,3618.0
531,8,2,2023-06-02,2023-03-26,Cash,38824967767012,Santander,574.0
532,10,4,2023-07-26,2023-01-06,Debit Card,3589362352355132,BBVA,316.0
533,9,4,2023-07-25,2023-02-03,Cash,4783183598930538250,Banamex,4516.0
534,8,1,2023-06-19,2023-03-09,Debit Card,4589287902421,Banamex,4269.0
535,9,7,2023-05-30,2023-06-01,Cash,3500991340813293,Santander,4920.0
536,2,9,2023-03-04,2023-08-11,Debit Card,343904590542196,BBVA,3693.0
537,5,9,2023-06-05,2023-04-14,Cash,3514276538544049,Santander,3120.0
538,9,7,2023-06-02,2023-05-28,Cash,4813101340647200,Azteka,611.0
539,4,3,2023-05-04,2023-07-10,Debit Card,379212925014254,Azteka,3092.0
540,8,9,2023-06-12,2023-04-06,Debit Card,639021807156,BBVA,3462.0
541,10,7,2023-05-26,2023-03-04,Debit Card,3525717176004066,Banamex,2746.0
542,8,5,2023-08-16,2023-02-05,Cash,630424724635,Santander,1127.0
543,10,6,2023-01-24,2023-02-12,Cash,213174953634322,BBVA,2405.0
544,2,4,2023-06-27,2023-05-17,Debit Card,3504244965081002,BBVA,3549.0
545,1,10,2023-03-21,2023-07-03,Debit Card,3561647896616284,BBVA,3329.0
546,7,7,2023-05-20,2023-02-17,Debit Card,3594983974620885,Santander,1900.0
547,3,3,2023-04-20,2023-02-13,Debit Card,213134563235944,Santander,617.0
548,7,4,2023-01-14,2023-03-24,Debit Card,30500949522919,Azteka,2789.0
549,6,2,2023-02-23,2023-01-01,Cash,6011845212147971,Azteka,735.0
550,5,3,2023-06-15,2023-02-05,Cash,4497337971995442,Santander,1309.0
551,7,6,2023-07-13,2023-08-13,Debit Card,2403326298900653,Azteka,824.0
552,8,8,2023-08-10,2023-02-19,Cash,4659630199262,BBVA,2710.0
553,5,9,2023-06-05,2023-02-11,Debit Card,4814839306523787,Banamex,2629.0
554,10,7,2023-03-08,2023-02-01,Debit Card,4363804431468584,Banamex,109.0
555,2,2,2023-05-21,2023-06-10,Debit Card,5226862007088784,Azteka,2006.0
556,10,10,2023-06-30,2023-08-06,Debit Card,376287345372451,Santander,4021.0
557,6,3,2023-05-22,2023-04-28,Debit Card,639090307310,Azteka,58.0
558,9,9,2023-05-01,2023-01-25,Debit Card,30305412700681,Banamex,1021.0
559,8,3,2023-08-14,2023-08-14,Cash,4534855548969257318,BBVA,609.0
560,8,3,2023-02-14,2023-03-05,Cash,4855480776213,Banamex,2377.0
561,1,3,2023-06-12,2023-04-14,Debit Card,5595550731217208,BBVA,1886.0
562,4,9,2023-06-20,2023-04-24,Debit Card,503817786885,BBVA,1180.0
563,3,5,2023-07-03,2023-06-17,Cash,3514121944140471,BBVA,464.0
564,2,5,2023-03-16,2023-06-29,Cash,377597833434152,BBVA,2564.0
565,6,10,2023-01-02,2023-05-19,Cash,3597792600102128,Santander,3724.0
566,2,8,2023-03-22,2023-01-22,Debit Card,4280643770707255,Azteka,4391.0
567,4,6,2023-08-26,2023-05-07,Cash,4613172755721378,BBVA,2729.0
568,10,7,2023-03-13,2023-06-18,Debit Card,2267298474848078,Azteka,261.0
569,4,4,2023-01-20,2023-08-22,Cash,3581140798434929,Banamex,2957.0
570,6,5,2023-01-07,2023-02-26,Debit Card,3594119165108584,BBVA,2638.0
571,6,3,2023-03-23,2023-06-26,Cash,348311950695942,Santander,1552.0
572,1,7,2023-07-15,2023-07-21,Debit Card,4868528490027011,Azteka,2120.0
573,3,9,2023-01-19,2023-06-26,Debit Card,6507574627670309,Santander,2541.0
574,2,2,2023-01-26,2023-07-09,Debit Card,340698025583014,Azteka,978.0
575,10,4,2023-01-17,2023-07-16,Debit Card,675983755074,Santander,2788.0
576,6,5,2023-02-24,2023-07-17,Cash,4029491759051,Azteka,3580.0
577,8,7,2023-03-17,2023-05-04,Debit Card,4845858892221872,Banamex,3056.0
578,8,8,2023-05-31,2023-06-23,Debit Card,3587830239876746,BBVA,2925.0
579,8,7,2023-03-14,2023-01-23,Debit Card,30485887840525,Santander,1714.0
580,1,8,2023-07-02,2023-03-11,Debit Card,2715531771494198,Santander,425.0
581,9,9,2023-06-25,2023-01-03,Debit Card,6581843854956270,Banamex,2951.0
582,4,2,2023-07-23,2023-06-08,Debit Card,346658856808173,Azteka,2952.0
583,6,2,2023-02-03,2023-05-24,Debit Card,36739794216375,Banamex,3765.0
584,10,4,2023-06-08,2023-06-02,Debit Card,30135515671319,BBVA,4186.0
585,6,9,2023-03-07,2023-04-25,Cash,6592967236205796,Azteka,2489.0
586,3,8,2023-02-25,2023-05-27,Debit Card,4294569175732479,BBVA,3797.0
587,4,3,2023-05-21,2023-04-18,Debit Card,3593503046212338,Santander,1255.0
588,6,5,2023-05-25,2023-07-20,Debit Card,581563486660,Azteka,2572.0
589,9,7,2023-03-05,2023-07-31,Cash,3562869664776509,Azteka,1269.0
590,3,1,2023-07-15,2023-02-12,Cash,4056473376265,Banamex,3806.0
591,2,9,2023-04-12,2023-04-25,Cash,373145526575024,BBVA,2595.0
592,1,5,2023-06-04,2023-07-03,Cash,4621060058064887,Banamex,188.0
593,3,2,2023-07-25,2023-05-01,Debit Card,4100111276049432137,Santander,2377.0
594,6,3,2023-05-11,2023-02-28,Debit Card,4125426001323632,Azteka,4674.0
595,2,8,2023-05-18,2023-01-17,Debit Card,6575105915127392,Azteka,533.0
596,8,1,2023-06-02,2023-06-13,Cash,4969175386109863,Banamex,3742.0
597,3,8,2023-03-12,2023-06-01,Debit Card,4798470738388618671,Azteka,4677.0
598,1,4,2023-08-09,2023-01-01,Cash,4703359056530969,BBVA,2738.0
599,7,8,2023-05-15,2023-02-01,Debit Card,4212153524623454,Santander,3660.0
600,8,8,2023-07-31,2023-07-19,Debit Card,6011814748565957,Banamex,714.0
601,5,1,2023-01-10,2023-07-11,Debit Card,180063725311518,Banamex,1226.0
602,10,5,2023-02-13,2023-04-23,Cash,4861688424179952,Santander,3184.0
603,6,1,2023-08-07,2023-01-20,Cash,4752478239905912,Santander,4679.0
604,4,8,2023-05-31,2023-07-05,Cash,5143551196579618,BBVA,3290.0
605,2,7,2023-01-21,2023-04-16,Debit Card,4572371581616922,Azteka,2083.0
606,5,3,2023-07-10,2023-08-20,Cash,4168227319309,BBVA,2607.0
607,9,1,2023-01-13,2023-08-10,Cash,4394725837848569259,Azteka,3260.0
608,5,7,2023-06-25,2023-05-15,Cash,4890774695643663,Santander,819.0
609,8,9,2023-01-13,2023-03-05,Cash,213108061875336,BBVA,3505.0
610,6,1,2023-01-07,2023-07-01,Cash,3569272884772361,Azteka,1602.0
611,8,8,2023-06-02,2023-06-16,Cash,630405982764,Banamex,401.0
612,8,2,2023-04-05,2023-07-23,Cash,347458336224938,BBVA,3968.0
613,2,4,2023-06-18,2023-01-16,Cash,180020439706730,Azteka,2640.0
614,3,10,2023-06-17,2023-04-22,Cash,676162098237,BBVA,915.0
615,9,6,2023-08-24,2023-01-12,Debit Card,6540671287665105,BBVA,3973.0
616,9,8,2023-07-10,2023-03-07,Cash,180049747269008,Santander,3424.0
617,4,3,2023-03-10,2023-04-02,Cash,213148363505884,BBVA,1407.0
618,5,10,2023-05-23,2023-06-08,Debit Card,676105233768,Azteka,4512.0
619,7,10,2023-06-15,2023-06-29,Debit Card,30462129231615,Banamex,699.0
620,9,4,2023-04-25,2023-07-30,Debit Card,377589880139206,BBVA,1599.0
621,4,7,2023-02-08,2023-02-27,Debit Card,3512699282881725,Azteka,4402.0
622,8,6,2023-06-18,2023-01-09,Cash,180024076502899,Banamex,1130.0
623,6,3,2023-05-26,2023-03-11,Cash,6011138686276322,BBVA,3599.0
624,8,8,2023-08-21,2023-03-13,Debit Card,3571305695071429,Santander,1867.0
625,5,9,2023-06-21,2023-01-14,Cash,6011411085574146,BBVA,637.0
626,3,3,2023-08-02,2023-06-20,Debit Card,6011253077328556,Azteka,4983.0
627,6,8,2023-01-02,2023-05-23,Debit Card,5456441852491376,Banamex,4353.0
628,9,2,2023-06-17,2023-05-01,Cash,3520972544101566,Banamex,127.0
629,10,6,2023-05-06,2023-02-11,Cash,575336483723,BBVA,3472.0
630,3,1,2023-02-04,2023-01-06,Cash,3505519869785686,Banamex,2603.0
631,5,4,2023-03-22,2023-05-08,Debit Card,2280623677184208,BBVA,711.0
632,10,1,2023-07-31,2023-02-18,Debit Card,180034531416759,BBVA,2516.0
633,10,8,2023-02-22,2023-03-02,Debit Card,3516521113008813,Banamex,4970.0
634,4,4,2023-04-16,2023-02-16,Cash,4151973930726879,Azteka,1206.0
635,4,3,2023-05-17,2023-08-17,Debit Card,6585423123841516,Azteka,2315.0
636,2,1,2023-06-03,2023-05-29,Cash,3590865925770931,Azteka,868.0
637,1,5,2023-06-16,2023-01-28,Cash,3557102354041753,Santander,2177.0
638,7,4,2023-06-01,2023-08-23,Cash,4467740687451,Santander,3779.0
639,8,7,2023-07-19,2023-07-31,Debit Card,4816273738613443332,BBVA,324.0
640,6,6,2023-05-10,2023-07-09,Cash,4761523385962446,BBVA,3689.0
641,8,2,2023-06-30,2023-08-10,Debit Card,578792897030,Santander,528.0
642,2,8,2023-07-11,2023-06-28,Cash,4186652914212381970,Azteka,2707.0
643,1,1,2023-08-16,2023-06-06,Debit Card,6011609646842833,Santander,363.0
644,4,9,2023-02-23,2023-06-20,Cash,569257584502,Banamex,3584.0
645,6,5,2023-02-26,2023-07-07,Debit Card,180018667235208,Santander,1593.0
646,4,4,2023-03-07,2023-06-17,Cash,3576283473174589,Banamex,2836.0
647,5,10,2023-06-02,2023-03-03,Cash,3592402901587283,Banamex,1085.0
648,2,10,2023-03-25,2023-08-13,Cash,4636087647485073457,Azteka,3109.0
649,3,3,2023-02-04,2023-05-10,Cash,4759299584227808,Santander,99.0
650,8,5,2023-05-30,2023-03-14,Debit Card,30038710869219,Banamex,712.0
651,10,7,2023-03-23,2023-02-20,Cash,30368624499484,Santander,923.0
652,10,8,2023-04-25,2023-08-21,Debit Card,30274843853248,Banamex,1739.0
653,2,2,2023-04-22,2023-03-04,Debit Card,4705733795696554,Santander,1009.0
654,5,3,2023-06-03,2023-03-14,Debit Card,342871675494711,Santander,665.0
655,8,3,2023-05-15,2023-04-30,Cash,3516424348822878,Santander,1357.0
656,1,10,2023-07-27,2023-02-12,Debit Card,4980772111244433637,BBVA,3723.0
657,4,9,2023-04-29,2023-04-19,Cash,4603562867444251,BBVA,1824.0
658,4,9,2023-03-13,2023-02-12,Debit Card,30361120633052,Santander,2611.0
659,1,2,2023-01-18,2023-06-18,Debit Card,502013678722,Azteka,1335.0
660,2,8,2023-03-16,2023-03-30,Debit Card,30447962786114,Banamex,4060.0
661,4,10,2023-01-13,2023-03-14,Cash,3565002820102173,BBVA,1886.0
662,1,4,2023-04-15,2023-07-29,Cash,6011104882083854,BBVA,4531.0
663,7,8,2023-01-07,2023-07-11,Debit Card,4907227011147449,Azteka,4322.0
664,8,2,2023-05-15,2023-01-06,Cash,4471231022210,Azteka,3981.0
665,1,9,2023-08-18,2023-01-14,Debit Card,4037323382450017868,Azteka,4032.0
666,3,10,2023-04-11,2023-05-24,Cash,2720865293672573,Banamex,3693.0
667,1,2,2023-04-07,2023-01-08,Debit Card,213150922118514,Santander,1271.0
668,10,9,2023-05-16,2023-02-15,Debit Card,30013307610714,Banamex,268.0
669,4,9,2023-08-04,2023-03-03,Cash,4694915239911482,BBVA,4609.0
670,4,2,2023-04-27,2023-01-08,Cash,4632297660047325,Banamex,868.0
671,2,5,2023-02-03,2023-04-02,Cash,3577265090761848,Banamex,4077.0
672,8,10,2023-02-05,2023-01-11,Cash,4437655328919523,BBVA,2308.0
673,4,4,2023-04-04,2023-07-09,Debit Card,4158922908259192,Azteka,4491.0
674,6,8,2023-03-28,2023-05-28,Cash,213197660944478,BBVA,2007.0
675,8,2,2023-03-04,2023-02-01,Debit Card,3524307128895810,Azteka,2183.0
676,1,7,2023-07-01,2023-04-10,Cash,4064626301755275,BBVA,299.0
677,8,10,2023-06-14,2023-07-12,Debit Card,639037364762,Azteka,3802.0
678,9,10,2023-02-15,2023-02-27,Debit Card,213123919171127,Banamex,2027.0
679,6,1,2023-05-10,2023-08-08,Debit Card,6011151128104861,Azteka,2912.0
680,5,10,2023-07-16,2023-01-10,Debit Card,30543617878411,BBVA,480.0
681,7,3,2023-04-14,2023-01-02,Cash,213189858259686,Santander,843.0
682,7,4,2023-02-04,2023-02-12,Debit Card,3513263425124870,BBVA,4738.0
683,1,5,2023-01-25,2023-02-13,Debit Card,4669332691691580263,Santander,638.0
684,5,7,2023-06-23,2023-01-01,Debit Card,3585931623060038,Santander,4717.0
685,4,9,2023-02-05,2023-07-19,Cash,576299834316,Santander,3252.0
686,3,2,2023-07-13,2023-07-28,Debit Card,4878425158020721179,Azteka,803.0
687,10,7,2023-06-10,2023-01-31,Cash,3565457307203706,Banamex,3942.0
688,1,7,2023-03-11,2023-05-09,Debit Card,213117613568620,Azteka,4260.0
689,7,8,2023-06-25,2023-02-01,Debit Card,3571739847158785,Banamex,1314.0
690,3,2,2023-05-24,2023-02-20,Debit Card,4549767473408888091,Banamex,3433.0
691,7,9,2023-04-03,2023-02-08,Debit Card,502060142861,Santander,4519.0
692,5,9,2023-02-03,2023-08-15,Cash,2239959864391533,Banamex,3721.0
693,5,4,2023-03-24,2023-08-01,Debit Card,3560664547997808,BBVA,3531.0
694,6,8,2023-07-18,2023-06-19,Debit Card,4342887026593847,BBVA,4808.0
695,10,7,2023-08-14,2023-08-05,Debit Card,2700984709733525,BBVA,1323.0
696,5,2,2023-02-19,2023-07-19,Cash,4740333519764,Azteka,794.0
697,2,2,2023-08-11,2023-04-27,Cash,30380218754679,Banamex,2521.0
698,2,8,2023-04-26,2023-01-17,Cash,347609927178327,Banamex,1309.0
699,8,3,2023-03-30,2023-01-08,Debit Card,6011734472520988,Banamex,4644.0
700,7,8,2023-07-07,2023-06-03,Cash,340164254078895,BBVA,1799.0
701,6,4,2023-07-15,2023-03-25,Cash,375749123306200,Santander,3428.0
702,4,2,2023-01-22,2023-08-04,Cash,3503399660721210,Azteka,4327.0
703,2,2,2023-05-14,2023-04-10,Debit Card,3554976308730949,BBVA,1350.0
704,4,8,2023-03-16,2023-06-19,Debit Card,4621130330870,Santander,3619.0
705,3,1,2023-03-02,2023-01-04,Debit Card,3589264194438516,Santander,3269.0
706,7,5,2023-03-05,2023-06-16,Cash,4151390748922691,Banamex,126.0
707,7,5,2023-04-02,2023-02-05,Cash,4368398525359093,Banamex,3548.0
708,8,2,2023-02-23,2023-02-02,Debit Card,3589487428914990,Banamex,744.0
709,10,2,2023-06-12,2023-04-11,Cash,4760237365960129,BBVA,3953.0
710,5,4,2023-07-22,2023-08-11,Cash,3586459914505379,BBVA,1228.0
711,1,3,2023-08-06,2023-08-09,Cash,374948404054783,BBVA,2838.0
712,10,5,2023-04-03,2023-03-07,Cash,180087611628065,Santander,3372.0
713,1,7,2023-04-18,2023-08-04,Debit Card,060461646741,Santander,4680.0
714,8,1,2023-06-03,2023-07-30,Cash,4191941141384788805,Santander,1715.0
715,2,7,2023-03-08,2023-02-22,Debit Card,180065568402197,Banamex,4899.0
716,2,3,2023-06-07,2023-07-23,Debit Card,347038511931455,BBVA,4823.0
717,8,1,2023-02-03,2023-03-05,Debit Card,4102967259680,BBVA,3149.0
718,3,3,2023-02-02,2023-01-18,Cash,30281019892819,Banamex,2933.0
719,7,1,2023-03-14,2023-03-28,Cash,4307942810380241,Santander,1302.0
720,1,5,2023-03-04,2023-01-02,Cash,4375294434635297599,Santander,890.0
721,4,6,2023-07-29,2023-02-02,Cash,675996836861,BBVA,2630.0
722,4,5,2023-04-29,2023-07-15,Debit Card,4276411209689,Banamex,4365.0
723,10,6,2023-06-05,2023-01-11,Cash,4283232025443,Santander,4952.0
724,5,6,2023-04-14,2023-07-14,Debit Card,3533119858493628,Banamex,1224.0
725,5,10,2023-07-24,2023-03-30,Cash,375881412264657,BBVA,1631.0
726,5,4,2023-01-20,2023-06-29,Cash,38358962708168,BBVA,2133.0
727,1,8,2023-03-20,2023-05-14,Debit Card,4025063745936485,Santander,1600.0
728,5,1,2023-07-11,2023-02-26,Cash,30285246204136,Santander,2654.0
729,1,2,2023-07-06,2023-02-24,Debit Card,4171584267731,Santander,120.0
730,4,6,2023-05-27,2023-05-14,Debit Card,6521606117657289,Santander,2182.0
731,3,9,2023-01-08,2023-07-10,Debit Card,4149699096662831,Azteka,3609.0
732,3,3,2023-03-02,2023-02-26,Cash,3508241542783437,Azteka,4016.0
733,6,8,2023-02-18,2023-04-08,Cash,4065989514065612,BBVA,361.0
734,9,2,2023-05-22,2023-05-09,Cash,3535275275094973,Azteka,1290.0
735,10,9,2023-02-10,2023-07-07,Cash,3582887729358689,Banamex,4547.0
736,10,8,2023-03-16,2023-01-21,Debit Card,3580318580386405,Azteka,257.0
737,10,1,2023-02-12,2023-02-22,Cash,4278986167287074,BBVA,4713.0
738,5,5,2023-02-14,2023-03-07,Debit Card,3560382251024640,Azteka,3370.0
739,1,2,2023-04-13,2023-08-05,Cash,4739733342473042298,BBVA,1756.0
740,5,2,2023-04-24,2023-01-26,Cash,4438391740268146,Banamex,2566.0
741,3,10,2023-03-15,2023-01-24,Cash,4458484504382,Azteka,2733.0
742,8,1,2023-01-03,2023-06-14,Debit Card,36240291286359,Banamex,3921.0
743,8,4,2023-07-25,2023-06-29,Debit Card,30089849593378,Banamex,1741.0
744,7,8,2023-05-04,2023-04-09,Cash,343273932654717,BBVA,4460.0
745,8,2,2023-04-22,2023-04-06,Cash,4372456030535502566,BBVA,449.0
746,6,4,2023-08-04,2023-03-19,Debit Card,4874348723637763,Banamex,634.0
747,2,2,2023-05-30,2023-08-20,Debit Card,6562216770672961,Santander,1660.0
748,9,1,2023-01-17,2023-04-09,Debit Card,4929779157205662367,Banamex,1742.0
749,8,5,2023-06-26,2023-05-11,Cash,213130249756287,Banamex,4257.0
750,10,8,2023-02-12,2023-02-08,Debit Card,3538801676196963,Banamex,1452.0
751,3,3,2023-07-14,2023-03-15,Cash,6524570499001572,Santander,3806.0
752,1,6,2023-03-16,2023-02-13,Debit Card,30101371263005,BBVA,4575.0
753,2,7,2023-03-03,2023-04-02,Debit Card,4015033338183359,BBVA,566.0
754,4,3,2023-05-28,2023-04-12,Cash,4198373040409174,BBVA,443.0
755,2,1,2023-08-22,2023-03-04,Debit Card,30088324144046,BBVA,1725.0
756,6,4,2023-05-27,2023-07-10,Cash,676208916830,Santander,118.0
757,8,7,2023-03-09,2023-07-19,Debit Card,379725585381218,Santander,2053.0
758,1,1,2023-05-14,2023-06-30,Debit Card,676360763269,Santander,535.0
759,1,3,2023-07-06,2023-07-14,Debit Card,4168318892019981,Santander,3800.0
760,5,5,2023-06-21,2023-05-26,Cash,3597101493346380,Santander,2589.0
761,10,2,2023-01-04,2023-04-22,Debit Card,5235699836432000,Santander,3204.0
762,7,10,2023-07-29,2023-02-28,Debit Card,213156308201196,Azteka,1126.0
763,10,9,2023-03-19,2023-08-11,Cash,4956060992015627445,Santander,3383.0
764,4,3,2023-06-08,2023-06-02,Debit Card,2239226963995949,BBVA,4587.0
765,8,10,2023-01-08,2023-07-09,Cash,4655605775630565,BBVA,1933.0
766,2,10,2023-06-21,2023-02-01,Debit Card,30462885116349,BBVA,549.0
767,4,1,2023-03-07,2023-04-12,Cash,213138720219410,Santander,2131.0
768,1,1,2023-03-16,2023-01-06,Debit Card,6011857448007028,Santander,324.0
769,9,8,2023-01-21,2023-07-23,Cash,4091201875494,Azteka,1602.0
770,10,1,2023-05-25,2023-06-21,Cash,4227574558545,Azteka,969.0
771,2,2,2023-05-27,2023-01-09,Debit Card,377079092432011,Santander,1521.0
772,10,7,2023-04-07,2023-07-22,Debit Card,639073436573,BBVA,3013.0
773,2,6,2023-08-18,2023-03-22,Debit Card,213129126765452,Azteka,3293.0
774,8,10,2023-05-20,2023-04-06,Debit Card,5176684038512776,BBVA,4193.0
775,4,8,2023-03-14,2023-06-24,Debit Card,639095929209,Azteka,317.0
776,9,9,2023-03-13,2023-07-20,Cash,4280663550590481608,Santander,136.0
777,2,10,2023-07-30,2023-02-28,Cash,30112093472014,Santander,927.0
778,1,4,2023-04-18,2023-04-20,Debit Card,4493942764083043237,BBVA,619.0
779,4,1,2023-01-17,2023-05-12,Debit Card,4461478494455779,Azteka,3541.0
780,8,5,2023-03-14,2023-01-27,Cash,3556513737266654,Azteka,3426.0
781,4,3,2023-07-04,2023-01-24,Debit Card,349200415836762,Azteka,1073.0
782,9,8,2023-04-20,2023-01-09,Cash,4847722845203734889,Santander,2952.0
783,4,1,2023-03-22,2023-03-16,Cash,4759702211924184,Banamex,3460.0
784,6,10,2023-08-14,2023-02-20,Cash,4954849276649454,Santander,3445.0
785,2,3,2023-05-15,2023-01-29,Debit Card,676339014992,Azteka,2873.0
786,2,3,2023-02-20,2023-05-30,Cash,6599036944205259,BBVA,4098.0
787,2,1,2023-03-14,2023-02-05,Debit Card,676106629741,Santander,2714.0
788,6,8,2023-02-19,2023-01-17,Debit Card,38973284234543,Santander,3636.0
789,5,9,2023-03-29,2023-07-24,Cash,180047709513579,Santander,1306.0
790,10,8,2023-05-29,2023-03-13,Cash,4542770945713431,BBVA,578.0
791,9,8,2023-07-04,2023-07-25,Debit Card,3522467659954584,Azteka,4763.0
792,3,9,2023-02-24,2023-06-16,Cash,5182561335935086,Banamex,3182.0
793,8,8,2023-06-26,2023-05-05,Debit Card,4927411588916,Santander,3376.0
794,6,3,2023-01-09,2023-04-30,Debit Card,503894291999,Santander,3173.0
795,3,1,2023-03-12,2023-01-20,Debit Card,4254965089153,BBVA,2445.0
796,9,7,2023-02-27,2023-05-21,Cash,4897237967000796037,BBVA,2678.0
797,5,7,2023-04-13,2023-06-04,Debit Card,3520834114489906,BBVA,4494.0
798,9,2,2023-04-06,2023-01-09,Cash,3545329477441066,Azteka,1490.0
799,3,5,2023-05-08,2023-01-26,Debit Card,2246752109292868,Santander,4973.0
800,7,6,2023-02-17,2023-02-08,Debit Card,4922501369986058,Banamex,737.0
801,4,6,2023-01-01,2023-04-09,Debit Card,4534661199784934741,Azteka,2382.0
802,7,5,2023-03-18,2023-04-11,Debit Card,375141991249755,BBVA,3485.0
803,3,9,2023-05-25,2023-02-06,Cash,348466845274095,Banamex,2518.0
804,8,5,2023-01-15,2023-02-05,Cash,3533100360109183,BBVA,3219.0
805,9,5,2023-01-21,2023-07-22,Cash,3549533940315551,Banamex,4670.0
806,7,9,2023-06-07,2023-07-03,Debit Card,213158554581883,Banamex,2042.0
807,7,4,2023-04-27,2023-05-16,Debit Card,3539814498655685,BBVA,1638.0
808,1,5,2023-01-14,2023-01-01,Cash,676160517121,Santander,117.0
809,7,3,2023-03-01,2023-04-17,Debit Card,4368546813141744,Banamex,2479.0
810,4,2,2023-05-25,2023-01-17,Debit Card,378372461722966,Azteka,2539.0
811,1,1,2023-08-26,2023-05-11,Debit Card,180089377566893,Banamex,4340.0
812,9,7,2023-03-26,2023-03-12,Debit Card,180031235815617,Azteka,4873.0
813,8,2,2023-03-29,2023-08-17,Debit Card,30456327500458,BBVA,3583.0
814,10,6,2023-05-01,2023-06-06,Cash,4837127394979621,Banamex,3941.0
815,3,4,2023-04-25,2023-02-12,Debit Card,4478012996686,Santander,4156.0
816,6,8,2023-06-10,2023-03-24,Cash,3598556018125735,Santander,3393.0
817,7,3,2023-05-31,2023-05-09,Cash,180068759896052,Azteka,4644.0
818,9,6,2023-02-23,2023-03-13,Cash,3566295513021408,Santander,749.0
819,3,9,2023-08-15,2023-01-12,Cash,3540687176823040,Banamex,3939.0
820,7,9,2023-03-08,2023-01-08,Cash,4920718639524947,Azteka,1707.0
821,6,8,2023-03-08,2023-05-22,Debit Card,4923926786725152,Santander,1467.0
822,2,2,2023-01-13,2023-06-25,Cash,4651982261073343,Santander,4949.0
823,4,8,2023-08-25,2023-03-07,Debit Card,36666589913215,BBVA,2232.0
824,3,3,2023-07-07,2023-08-12,Cash,3536482695520020,Azteka,515.0
825,2,2,2023-02-26,2023-04-16,Debit Card,4957650728116887,Banamex,4260.0
826,6,2,2023-01-31,2023-01-14,Debit Card,341237402057422,Santander,4902.0
827,4,10,2023-04-19,2023-02-06,Debit Card,213165918473970,Banamex,2983.0
828,1,9,2023-01-28,2023-08-19,Cash,6576785007366112,Banamex,2817.0
829,6,4,2023-07-07,2023-05-12,Debit Card,4235243751102,Santander,4404.0
830,3,9,2023-04-16,2023-02-08,Debit Card,180005375181477,Santander,4551.0
831,5,9,2023-03-11,2023-03-20,Debit Card,4815081591805723,Banamex,4683.0
832,6,5,2023-04-21,2023-01-02,Cash,4292899284229498707,Azteka,323.0
833,2,1,2023-04-26,2023-04-20,Debit Card,6562326595610722,BBVA,1580.0
834,3,8,2023-03-30,2023-07-10,Cash,630418607853,BBVA,2414.0
835,9,10,2023-02-18,2023-05-02,Debit Card,349938483022274,Santander,2685.0
836,5,6,2023-06-05,2023-08-24,Cash,30509704165780,BBVA,3083.0
837,7,10,2023-07-10,2023-04-26,Cash,3534453712737022,Santander,2646.0
838,3,5,2023-02-12,2023-06-18,Cash,501810942463,Banamex,2367.0
839,9,9,2023-03-30,2023-05-29,Cash,3565362263871548,Azteka,768.0
840,1,2,2023-01-11,2023-01-08,Debit Card,6516907757757919,Santander,2399.0
841,1,7,2023-05-28,2023-06-06,Debit Card,4313903252295205429,BBVA,2442.0
842,2,8,2023-02-21,2023-08-20,Cash,4473125272945795722,BBVA,1815.0
843,3,9,2023-01-22,2023-01-10,Cash,375917477962460,BBVA,2740.0
844,2,1,2023-04-29,2023-08-23,Cash,30358678545233,Azteka,499.0
845,10,10,2023-03-16,2023-05-07,Cash,676383448989,BBVA,4174.0
846,6,6,2023-05-04,2023-07-09,Debit Card,4237275899960889,Banamex,469.0
847,3,10,2023-01-06,2023-01-28,Cash,3562563520779381,Azteka,3699.0
848,3,5,2023-08-24,2023-05-30,Debit Card,3548456556902929,Azteka,4557.0
849,2,10,2023-06-28,2023-03-10,Debit Card,4601923784806,Banamex,1320.0
850,3,4,2023-02-07,2023-05-28,Debit Card,4228094616706,BBVA,658.0
851,1,6,2023-04-14,2023-08-02,Cash,340878350156764,Santander,550.0
852,10,10,2023-07-11,2023-08-13,Cash,4440040102265,BBVA,2837.0
853,6,2,2023-07-17,2023-02-01,Cash,3532294619654999,Azteka,1191.0
854,3,10,2023-07-26,2023-02-27,Cash,3582953530377779,Santander,4943.0
855,6,10,2023-02-17,2023-03-12,Cash,3537928349739134,Santander,1956.0
856,5,7,2023-04-13,2023-02-05,Cash,6527657576745341,Azteka,895.0
857,6,4,2023-05-15,2023-06-28,Debit Card,6011574804173688,BBVA,1350.0
858,6,3,2023-08-08,2023-03-30,Cash,3528527044964657,Azteka,2120.0
859,8,3,2023-05-09,2023-02-13,Cash,4075939603967028,BBVA,1940.0
860,1,1,2023-08-03,2023-04-07,Debit Card,347734632977548,Banamex,3933.0
861,10,9,2023-07-28,2023-04-01,Cash,346937341362925,BBVA,1969.0
862,1,7,2023-05-07,2023-04-01,Debit Card,4363728490230629,Azteka,2724.0
863,7,4,2023-01-05,2023-05-14,Debit Card,3583695803525464,Santander,641.0
864,4,6,2023-08-03,2023-05-26,Cash,213114712650029,Santander,2612.0
865,10,6,2023-01-13,2023-07-09,Debit Card,30585994437469,Banamex,1822.0
866,5,4,2023-06-02,2023-01-06,Cash,4222669826972982,BBVA,1813.0
867,1,1,2023-01-28,2023-06-18,Debit Card,345246859530357,Azteka,4701.0
868,6,10,2023-02-24,2023-03-19,Debit Card,213160643967974,BBVA,2480.0
869,6,5,2023-07-07,2023-06-27,Debit Card,6552162218525761,Banamex,474.0
870,3,6,2023-01-09,2023-03-17,Debit Card,4527018527340291,Santander,3276.0
871,5,1,2023-07-16,2023-07-22,Cash,6011991189437803,BBVA,4654.0
872,4,1,2023-06-24,2023-01-09,Cash,180036450712324,Santander,851.0
873,10,8,2023-01-19,2023-03-07,Debit Card,30245451543784,Santander,838.0
874,8,1,2023-08-21,2023-04-19,Cash,4889962044330702347,BBVA,902.0
875,2,3,2023-07-27,2023-03-29,Debit Card,4584111109012,Santander,713.0
876,3,4,2023-04-16,2023-03-22,Debit Card,6011859678283170,Banamex,1497.0
877,6,7,2023-01-13,2023-06-04,Debit Card,213159210953482,Santander,4390.0
878,2,8,2023-05-23,2023-02-11,Debit Card,4547764492471925785,Banamex,950.0
879,9,5,2023-03-05,2023-07-19,Cash,2624731013632346,Azteka,3855.0
880,4,10,2023-08-13,2023-04-10,Debit Card,4280111947629817943,Banamex,4353.0
881,2,9,2023-06-24,2023-01-18,Cash,2249705171598692,Santander,303.0
882,4,7,2023-01-08,2023-04-18,Debit Card,180027647606578,BBVA,844.0
883,2,10,2023-08-09,2023-01-27,Debit Card,378848497282125,BBVA,169.0
884,7,5,2023-04-03,2023-03-11,Debit Card,4933453846246222422,Azteka,1142.0
885,10,4,2023-04-03,2023-01-26,Cash,675986376118,BBVA,1731.0
886,2,10,2023-01-31,2023-06-09,Debit Card,4196859653774948,Banamex,3503.0
887,8,3,2023-06-30,2023-07-17,Debit Card,2272469973125440,Azteka,3564.0
888,1,10,2023-02-14,2023-04-16,Cash,38405723422678,Banamex,3734.0
889,1,10,2023-04-01,2023-05-01,Cash,3549926945143053,Santander,3481.0
890,10,9,2023-07-28,2023-02-01,Cash,3568998665374750,Santander,3991.0
891,10,9,2023-03-01,2023-02-12,Cash,6011745669302485,Banamex,453.0
892,8,5,2023-06-06,2023-07-31,Cash,30468930569168,Santander,2127.0
893,2,10,2023-01-24,2023-02-09,Debit Card,3539341772455640,Azteka,3246.0
894,1,9,2023-05-06,2023-01-10,Cash,4637336540088,BBVA,4471.0
895,10,5,2023-02-11,2023-07-21,Cash,180010734046817,Azteka,3965.0
896,8,10,2023-03-02,2023-01-30,Cash,6535143814202114,Santander,1065.0
897,10,4,2023-07-26,2023-03-30,Cash,213164464464178,Banamex,3615.0
898,8,3,2023-07-13,2023-06-21,Debit Card,4376249151734820,BBVA,790.0
899,7,6,2023-02-20,2023-01-13,Cash,6578973909881077,Azteka,4309.0
900,10,8,2023-04-28,2023-03-14,Debit Card,676173406023,BBVA,2524.0
901,8,4,2023-02-03,2023-05-10,Cash,4136893707618580,BBVA,4644.0
902,3,7,2023-02-07,2023-02-03,Cash,4936439960909902,BBVA,893.0
903,10,3,2023-04-18,2023-03-22,Cash,3516217812071398,BBVA,1873.0
904,3,10,2023-04-28,2023-05-18,Debit Card,30362989642531,Azteka,197.0
905,7,3,2023-07-19,2023-01-27,Debit Card,213140148246405,Azteka,4705.0
906,7,1,2023-05-21,2023-06-03,Debit Card,30316452477692,Azteka,2383.0
907,5,6,2023-07-24,2023-08-05,Debit Card,30049288963722,Azteka,4318.0
908,9,8,2023-07-07,2023-04-06,Debit Card,340257880663658,Santander,1223.0
909,10,7,2023-02-24,2023-02-25,Debit Card,4993843288152,Banamex,4252.0
910,1,3,2023-01-22,2023-06-10,Debit Card,6505722838221725,Banamex,1052.0
911,2,7,2023-01-04,2023-01-16,Debit Card,4765980816791007989,Santander,4074.0
912,4,3,2023-03-04,2023-02-20,Cash,30186001090167,Azteka,925.0
913,7,1,2023-03-23,2023-06-16,Cash,180047113673985,BBVA,4800.0
914,3,4,2023-04-23,2023-01-28,Debit Card,3522098782239104,Azteka,953.0
915,1,4,2023-07-04,2023-06-29,Cash,4348933911600133,Azteka,3748.0
916,2,1,2023-07-25,2023-04-06,Cash,4369192822496867,Azteka,4496.0
917,5,7,2023-01-07,2023-07-18,Debit Card,4596805039826512491,BBVA,3996.0
918,6,3,2023-02-27,2023-08-19,Cash,6011832647320167,Santander,491.0
919,6,10,2023-05-06,2023-03-29,Debit Card,4233486313351710853,Santander,3090.0
920,3,8,2023-04-01,2023-04-12,Cash,060458228693,Azteka,3215.0
921,4,9,2023-07-20,2023-04-17,Debit Card,575388675200,Santander,4854.0
922,8,6,2023-04-02,2023-07-01,Debit Card,180032523257280,Santander,3792.0
923,8,2,2023-04-17,2023-01-25,Debit Card,30158767232010,Azteka,3934.0
924,3,7,2023-01-07,2023-07-25,Debit Card,3571685753147017,Santander,4247.0
925,2,1,2023-01-09,2023-02-22,Debit Card,6518059158325157,Azteka,2718.0
926,6,8,2023-01-31,2023-05-04,Cash,3584112010900224,BBVA,1700.0
927,5,8,2023-04-18,2023-02-17,Debit Card,4841608024632965,Santander,500.0
928,10,9,2023-04-05,2023-06-16,Cash,4505409640137,Banamex,1928.0
929,8,2,2023-08-01,2023-07-19,Debit Card,347125349195385,Santander,217.0
930,6,6,2023-01-10,2023-01-21,Debit Card,38512598633956,Banamex,329.0
931,9,1,2023-08-10,2023-06-09,Cash,639092845739,Azteka,2523.0
932,7,3,2023-05-15,2023-02-13,Cash,4235622042909,Banamex,3673.0
933,8,9,2023-03-17,2023-08-05,Cash,4872079344061511,BBVA,2170.0
934,2,6,2023-01-10,2023-03-25,Debit Card,4394999916885254477,Azteka,2861.0
935,3,7,2023-04-05,2023-07-27,Debit Card,4984620796756969337,Santander,4713.0
936,1,1,2023-04-11,2023-01-30,Cash,6011692894601721,Azteka,1443.0
937,6,10,2023-08-25,2023-05-08,Cash,3591534634618224,Azteka,4597.0
938,7,4,2023-07-28,2023-01-16,Debit Card,30146116647731,Banamex,2785.0
939,9,9,2023-06-22,2023-06-06,Debit Card,4668571090629055773,BBVA,2492.0
940,10,4,2023-07-21,2023-04-23,Debit Card,3589029556164236,Santander,165.0
941,2,3,2023-05-30,2023-04-22,Debit Card,5446638803167129,Banamex,4949.0
942,10,9,2023-08-18,2023-07-15,Debit Card,2276992614992999,BBVA,441.0
943,2,9,2023-04-06,2023-03-06,Cash,4137986037436654,BBVA,4715.0
944,10,3,2023-06-03,2023-03-27,Debit Card,3545597675460035,Santander,1236.0
945,9,4,2023-04-03,2023-01-01,Cash,30500593605028,Santander,2795.0
946,5,7,2023-07-05,2023-02-20,Cash,3517503891113022,Banamex,2083.0
947,7,4,2023-01-27,2023-03-12,Cash,3597263188290180,Azteka,4661.0
948,2,1,2023-05-04,2023-08-05,Cash,180009027486813,Azteka,4161.0
949,2,4,2023-04-21,2023-01-16,Cash,2285541518223040,Azteka,1390.0
950,6,9,2023-07-16,2023-02-05,Debit Card,4569739165358313178,Santander,830.0
951,3,8,2023-02-08,2023-04-12,Cash,2336010482999026,BBVA,4407.0
952,10,1,2023-02-07,2023-03-02,Debit Card,3508548708636179,Azteka,2280.0
953,2,8,2023-04-24,2023-01-27,Cash,4786417020209266,Azteka,1160.0
954,6,1,2023-06-26,2023-07-19,Cash,4985878330610576967,Azteka,3305.0
955,9,6,2023-04-25,2023-06-20,Debit Card,30584021936957,BBVA,2822.0
956,9,5,2023-02-02,2023-05-25,Cash,4630060333145131878,Banamex,2999.0
957,10,1,2023-02-23,2023-08-14,Debit Card,5521133740164338,Azteka,3930.0
958,6,7,2023-03-15,2023-01-26,Debit Card,4293760993627971727,BBVA,2741.0
959,2,9,2023-05-03,2023-03-23,Cash,3595831737650567,Azteka,4100.0
960,2,2,2023-08-25,2023-08-01,Debit Card,501800967538,BBVA,81.0
961,8,9,2023-02-01,2023-05-28,Cash,6530437766232300,Banamex,4899.0
962,1,5,2023-04-26,2023-08-14,Debit Card,2293177045997531,BBVA,1366.0
963,3,4,2023-07-05,2023-03-10,Cash,4639905372519935,BBVA,93.0
964,2,8,2023-07-25,2023-08-08,Debit Card,5342669573879838,Azteka,3407.0
965,6,3,2023-06-24,2023-04-27,Cash,4695017945193940,Azteka,4919.0
966,10,2,2023-08-02,2023-08-09,Debit Card,2230382452615081,Santander,3836.0
967,10,8,2023-03-05,2023-02-23,Cash,676325203450,Banamex,477.0
968,9,7,2023-04-25,2023-05-31,Cash,6011466363377133,BBVA,3798.0
969,2,5,2023-08-04,2023-08-10,Debit Card,502053293481,Santander,2410.0
970,1,8,2023-05-25,2023-06-29,Debit Card,30543768434923,Azteka,2784.0
971,7,5,2023-03-27,2023-01-15,Debit Card,180073455425628,Santander,1087.0
972,7,3,2023-02-19,2023-05-31,Cash,3593129605671894,Azteka,1719.0
973,10,8,2023-01-22,2023-03-31,Cash,4568849755253,Banamex,2767.0
974,8,8,2023-04-29,2023-02-19,Debit Card,213183871013055,BBVA,1221.0
975,8,4,2023-01-09,2023-04-09,Cash,30108044425846,Santander,493.0
976,9,7,2023-05-09,2023-01-03,Cash,4156399669072,BBVA,252.0
977,10,1,2023-03-05,2023-04-21,Debit Card,6536421820026118,Azteka,890.0
978,9,9,2023-01-04,2023-05-08,Debit Card,371682257004586,Santander,4265.0
979,10,2,2023-01-19,2023-08-23,Cash,4452978976578,BBVA,1247.0
980,10,10,2023-06-23,2023-04-22,Debit Card,3595584633531627,Azteka,4381.0
981,9,8,2023-01-27,2023-05-02,Cash,4615733771850562,Azteka,2819.0
982,4,8,2023-04-29,2023-03-22,Debit Card,4350099303969897326,Azteka,2579.0
983,5,8,2023-01-19,2023-02-07,Debit Card,6557998010592367,Banamex,4467.0
984,7,4,2023-05-19,2023-03-03,Cash,4743301153814,Banamex,683.0
985,5,2,2023-03-24,2023-05-25,Debit Card,2720750324722342,BBVA,2914.0
986,8,2,2023-03-30,2023-01-25,Cash,2230520730230260,Santander,4537.0
987,6,9,2023-07-31,2023-01-09,Cash,6537548073929942,Banamex,2496.0
988,5,6,2023-08-13,2023-04-27,Debit Card,630417039595,Banamex,3453.0
989,4,3,2023-08-24,2023-07-21,Debit Card,4538209759340871461,Banamex,1082.0
990,5,4,2023-04-25,2023-05-19,Debit Card,2720596316808924,BBVA,3124.0
991,2,1,2023-07-02,2023-04-01,Cash,3539670153530781,Santander,4975.0
992,4,2,2023-06-04,2023-03-09,Debit Card,30229083516756,Banamex,3925.0
993,3,10,2023-07-14,2023-08-26,Debit Card,38600461373261,Santander,1294.0
994,5,1,2023-07-15,2023-05-01,Cash,377955986586592,BBVA,1082.0
995,6,3,2023-07-17,2023-03-22,Cash,30439069358293,Santander,4655.0
996,10,3,2023-08-22,2023-07-26,Debit Card,4896435327771249,BBVA,4834.0
997,4,3,2023-01-17,2023-02-04,Debit Card,630415792658,Santander,2382.0
998,4,8,2023-02-03,2023-06-13,Cash,630413458336,Azteka,3004.0
999,7,1,2023-06-29,2023-01-17,Cash,4011325552612798,BBVA,1937.0
1000,6,9,2023-03-23,2023-04-01,Cash,4638275307691030,Banamex,2983.0
